id,first_name,last_name,dob
b6781dc0-a9e2-4444-afa8-89a38054959b,Erich,Randell,1982-02-26
98ede3e2-6771-4c9f-99fc-f0874b4b9a85,Ulla,Renn,1972-06-17
d7769df7-8069-478d-b575-48c8bd1f5536,Alaric,Kassidy,1953-03-26
6e1f82f5-834a-45ab-b092-04afa6ce5822,Boone,Varren,1975-07-25
f18b9e05-8d72-41cc-9074-9070d44555d9,Randi,Venus,1983-12-29
fb87cf02-cd38-44dc-b184-52165ee80d33,Matti,Van't Hoff,1968-09-02
edee0200-5ef3-4e07-aba3-f201f5b72774,Carlie,Ducket,1993-11-26
e25933fd-a63c-41d1-bda3-89453b5c80bb,Grant,Gredden,1953-10-24
1edcdac2-ca60-4eac-bed7-a41911723d9d,Pansy,Worsall,1970-10-29
2e7ed74e-f1b0-48df-b477-e46261723649,Marcella,Mercer,2004-01-13
9df9699b-abcd-496e-8da1-ad562af69444,Arlena,Songhurst,1990-05-07
fd008d84-3cab-4c4d-b64c-ac46e063cd5b,Yale,Gullifant,1956-05-26
5348467e-b941-42a0-a150-fbe4c54a2c26,Conney,Clohissy,1987-02-09
9faf687c-9763-4bba-9688-b54201ad5602,Jephthah,Mathis,2001-09-21
8e159dce-ad02-43a9-8c97-9956d753cb10,Aldous,Gameson,1967-03-19
ed39be33-9d1d-419c-9d3c-77a9037b7dd6,Carla,Gant,1989-12-22
d27e5d53-05b7-4a01-9170-1664669cb544,Wendie,Norkutt,1974-06-14
487fb1fb-1b57-4363-8d52-dc83571d99ec,Linette,Murrish,2004-05-23
dbb30b35-6d04-4053-8ba0-f7284926c80e,Sal,Sturror,2002-07-10
c317605e-7c77-4587-978b-865c1e00184e,Guenna,Brunsden,1980-12-01
0b268ecf-12f0-45ec-9f7d-48546816e02c,Klarrisa,Barbey,1968-09-10
9a96f28c-d2c7-489b-9148-4d760eba941a,Hermione,Dwelley,1976-01-05
fcc32385-abd3-4ab1-9d6e-11bc9c23830e,Bernardine,Roskams,2009-07-13
76fe02f5-29d1-4c0a-b7e5-9143f7ff87a8,Karel,Sate,1964-02-23
a507c361-58af-4645-abc9-967125796d80,Orsa,Stanislaw,1981-03-18
6c563681-05d4-4919-b389-c1abdd6b2db2,Liza,Pearde,1963-12-12
edf22ddc-888a-461b-9b36-40ae34070a27,Dilan,Woodsford,1950-02-19
faa866fc-8680-4665-a764-51ff66c05f7d,Powell,Kitman,1955-02-05
9b9c9bfe-bb78-43da-affb-38e8bef469fc,Renate,Edscer,2008-05-23
e87cc345-5b27-412b-8ea2-23996d35f1fe,Mindy,Gooday,1981-09-04
ccced4f1-2c2f-4971-8052-12397105359d,Tedra,McTurk,1965-09-23
9ec059f7-9768-4cb2-bb51-e54637392757,Abbye,Baudain,1957-02-12
701804c2-c4f0-435e-83b5-55376761b3db,Reggy,La Croce,1973-12-22
da541c98-c62c-48fe-92e4-a5bf85868faf,Leonid,Mortell,1956-02-04
6e19e22f-c959-467c-a828-28dd5f5f7725,Hailey,Newport,1977-06-22
de6514eb-4ede-4f8d-a485-ca102bb3f85d,Maiga,Blackboro,1973-04-25
aecc2edf-4e8d-438e-af74-7aaf1c3f1ddb,Townsend,Linkie,1977-06-22
e23be671-b9e1-4b76-99ce-1a39963e4941,Bink,Sulland,1966-11-18
1a1c6004-3139-46ee-8f8a-daac56ee6bda,Claudianus,Hindes,2002-01-09
e5e446ee-0c71-4ef9-8740-2bf4d733c8c3,Baillie,Truran,1980-05-13
80e85073-2ecd-4a68-b2b2-e2d55fe5123b,Ginny,Rustedge,1976-03-23
3b35ca7a-2eae-46bc-8a23-874e8810f883,Vivie,Theuff,1989-03-11
eb0f417b-aa1e-40c3-8fd8-6f33481d7fb2,Ulric,McElrath,1993-09-04
572ecb84-9e0b-4a2d-afdc-bd13f5c59871,Junette,Pippin,1998-09-05
99ab74a4-078c-462f-bebe-ea063d7ef6ba,Gordan,Rishbrook,1953-04-12
d86f211a-782a-456c-86a0-079c5fa65179,Fergus,Layton,1956-12-04
06e2fd2e-73b8-4d75-b24b-d11b895235eb,Tommy,Jacobi,1964-01-08
8d047543-80d7-464c-bbfa-1a394f4280b0,Sauncho,Bru,1998-01-16
d229459c-46ec-4721-b13a-edf29ecf5411,Merl,McCloy,1983-01-09
761d1a4c-0fd2-48d2-b4c3-2b04d6a9cc97,Mikel,Doelle,2008-10-29
6e8ab2ba-2c4b-4b09-9fc6-af8d5d615c70,Joeann,Smallpeice,1992-04-18
6bb593e3-675f-4484-be62-e3dc0d5d8824,Cathrin,Bertl,1985-06-16
0a277d0e-2d8b-41e5-9487-ae291187b43a,Hope,Elman,1962-01-02
c9de4694-a6bc-4bb8-9b80-d97e25b38613,Delora,Ajean,1992-10-09
14f70916-58ef-40e9-ae32-57f723856485,Javier,Franzetti,1980-05-27
47445990-de01-4ce7-bdd8-67eff7622533,Chery,Sharplin,1971-01-01
58d86275-aea0-43b6-93a7-c8eee7b6823f,Douglas,Parlour,2007-12-05
2992eab6-5269-4e6b-b9a4-14e8714f6fc6,Carlynne,Fernley,1959-07-20
d4f99c5e-19aa-45a9-b1f5-b766c662355d,Lorianna,Uttermare,1989-01-07
6123ae9a-1a60-485a-b6df-168d24c3fd55,Tansy,Cottu,1982-11-07
20939ee5-77ee-4293-b2c1-fc0842ef1269,Gillie,Redman,1990-10-02
1f19e311-0365-4070-9e48-b7c861876295,Rodi,Ratazzi,2001-12-28
415ded00-a677-4d46-a531-e957d3775cec,Mavis,Posnette,1958-05-19
7964635f-389f-4f96-9141-439ff42f87d4,Nikolaus,Bratty,1996-12-29
383e637a-6bfa-44b1-9069-b5cdd4572f4a,Danette,Cromley,1961-09-27
b9cdd3f4-1a20-4774-b081-bd914a72fd0d,Noelani,Binning,1993-08-19
4f2a2828-8d49-42be-86f7-e97df635bbef,Lyndel,Missenden,1995-01-17
5f34d2be-1250-4c87-bcd7-159fde139373,Jarid,Brent,1977-08-06
8c610d90-24af-47c6-aae1-05a893b433ec,Enrique,Bails,1978-01-01
7df2ab4d-91ea-43b3-b257-823ac562164d,Tyrone,Carwardine,1979-09-28
a3787fba-684a-4f96-9b61-0cf7083b3d04,Bar,Madner,1989-08-21
af7e445b-3a21-482c-ac02-16138cf068e6,Missy,Ramage,1956-11-16
29279cdc-4871-4826-a281-8e3603f93521,Cindee,Crocetti,1956-05-05
624d4f3e-7a5a-49b0-aaae-883e828e44d4,Arlen,Michele,1971-09-29
ba3f7201-d229-4984-ad41-79e9de4b4f1b,Philippe,Sanger,1951-12-19
4868d60e-71f7-4f74-a02c-1759382b0a22,Kori,Bracey,1954-04-07
b0728e57-aff6-455b-aefc-342ce2a931de,Cordie,Hunnicutt,1994-11-07
e2e82a2c-1e5e-4bc5-8240-d4735f6a2d97,Christophorus,Taaffe,1998-06-16
bf0f8a51-8489-4c07-a4e2-e27552906803,Hyacinthie,Penke,1979-08-13
463b2934-8bf3-424b-bc8a-d35d82429334,Fayette,Bygrave,1994-11-12
2c895b35-2a2c-4567-b697-71653d634ecc,Margy,Pally,1963-05-11
a2daf595-62db-4fef-a1a9-ad3937af3ceb,Biron,Waghorn,1971-09-15
bf4a18a9-a41c-4ba9-a637-709e48c668d8,Bride,Betjes,1980-09-15
257d33b2-bec7-4fcf-a03b-8e6c4f2cbf16,Vernice,Dybald,1967-06-25
a82e5fe2-71df-4c6f-bc69-1f82abe03f46,Emelina,Smith,2002-08-18
2a784754-0452-454b-8bcf-a0c24bc9d948,Deeyn,Murrill,1958-12-28
a74a3bd0-cb89-4710-bb6b-638f03432c2a,Ranna,Seebright,1984-01-11
70716cc5-a1ab-490c-9089-24d5d760d9f4,Conny,Gerrets,1991-10-31
757305f9-e88b-4018-9194-05fa70a9f461,Marris,O'Leary,1951-05-09
5dcc6939-eecc-4629-8968-263aacdaff65,Reta,McLeod,2009-12-10
c6c0abdb-cc57-488e-9a5b-4ae80838f5c4,Adina,O'Bradane,1962-10-23
123a8562-8fb0-4975-aca1-0ec557b7f1d7,Bradly,Vyse,1989-03-23
ee0745ee-d908-40f4-be33-ee8d69b38bfd,Pace,Dreghorn,1987-11-18
5d106ddb-de96-4697-ad2f-677669117473,Wenonah,Kinsella,1985-12-12
2d7a6918-f9a5-4a28-91cf-b6739f1add99,Caddric,Dargan,2005-01-14
1354ed6c-2dff-4f46-80a6-8e3741326ea1,Kelsey,Harries,1965-08-20
aef0b300-29c6-4753-b396-b270fc59f969,Imojean,McCobb,2008-08-23
34ae2205-b72d-4815-a2e7-e71513c47c46,Gloria,Marke,1953-12-02
0a2aefb8-555c-40c3-852a-5073448537d1,Nevil,Jelf,2008-10-15
fb586de1-15f4-4348-b7f6-2f629b6b0199,Germain,Blagden,1979-03-16
