
-------------------------------------------
-- Remove existing data from tables
-------------------------------------------

DELETE FROM transactions;
DELETE FROM users;
DELETE FROM merchants;

-------------------------------------------
-- Populate "users" table (100)
-------------------------------------------

INSERT INTO users (id, first_name, last_name, dob, inserted_at, updated_at)
VALUES
    ('b6781dc0-a9e2-4444-afa8-89a38054959b', 'Erich', 'Randell', '1982-02-26', CURRENT_TIMESTAMP, CURRENT_TIMESTAMP),
    ('98ede3e2-6771-4c9f-99fc-f0874b4b9a85', 'Ulla', 'Renn', '1972-06-17', CURRENT_TIMESTAMP, CURRENT_TIMESTAMP),
    ('d7769df7-8069-478d-b575-48c8bd1f5536', 'Alaric', 'Kassidy', '1953-03-26', CURRENT_TIMESTAMP, CURRENT_TIMESTAMP),
    ('6e1f82f5-834a-45ab-b092-04afa6ce5822', 'Boone', 'Varren', '1975-07-25', CURRENT_TIMESTAMP, CURRENT_TIMESTAMP),
    ('f18b9e05-8d72-41cc-9074-9070d44555d9', 'Randi', 'Venus', '1983-12-29', CURRENT_TIMESTAMP, CURRENT_TIMESTAMP),
    ('fb87cf02-cd38-44dc-b184-52165ee80d33', 'Matti', 'Van''t Hoff', '1968-09-02', CURRENT_TIMESTAMP, CURRENT_TIMESTAMP),
    ('edee0200-5ef3-4e07-aba3-f201f5b72774', 'Carlie', 'Ducket', '1993-11-26', CURRENT_TIMESTAMP, CURRENT_TIMESTAMP),
    ('e25933fd-a63c-41d1-bda3-89453b5c80bb', 'Grant', 'Gredden', '1953-10-24', CURRENT_TIMESTAMP, CURRENT_TIMESTAMP),
    ('1edcdac2-ca60-4eac-bed7-a41911723d9d', 'Pansy', 'Worsall', '1970-10-29', CURRENT_TIMESTAMP, CURRENT_TIMESTAMP),
    ('2e7ed74e-f1b0-48df-b477-e46261723649', 'Marcella', 'Mercer', '2004-01-13', CURRENT_TIMESTAMP, CURRENT_TIMESTAMP),
    ('9df9699b-abcd-496e-8da1-ad562af69444', 'Arlena', 'Songhurst', '1990-05-07', CURRENT_TIMESTAMP, CURRENT_TIMESTAMP),
    ('fd008d84-3cab-4c4d-b64c-ac46e063cd5b', 'Yale', 'Gullifant', '1956-05-26', CURRENT_TIMESTAMP, CURRENT_TIMESTAMP),
    ('5348467e-b941-42a0-a150-fbe4c54a2c26', 'Conney', 'Clohissy', '1987-02-09', CURRENT_TIMESTAMP, CURRENT_TIMESTAMP),
    ('9faf687c-9763-4bba-9688-b54201ad5602', 'Jephthah', 'Mathis', '2001-09-21', CURRENT_TIMESTAMP, CURRENT_TIMESTAMP),
    ('8e159dce-ad02-43a9-8c97-9956d753cb10', 'Aldous', 'Gameson', '1967-03-19', CURRENT_TIMESTAMP, CURRENT_TIMESTAMP),
    ('ed39be33-9d1d-419c-9d3c-77a9037b7dd6', 'Carla', 'Gant', '1989-12-22', CURRENT_TIMESTAMP, CURRENT_TIMESTAMP),
    ('d27e5d53-05b7-4a01-9170-1664669cb544', 'Wendie', 'Norkutt', '1974-06-14', CURRENT_TIMESTAMP, CURRENT_TIMESTAMP),
    ('487fb1fb-1b57-4363-8d52-dc83571d99ec', 'Linette', 'Murrish', '2004-05-23', CURRENT_TIMESTAMP, CURRENT_TIMESTAMP),
    ('dbb30b35-6d04-4053-8ba0-f7284926c80e', 'Sal', 'Sturror', '2002-07-10', CURRENT_TIMESTAMP, CURRENT_TIMESTAMP),
    ('c317605e-7c77-4587-978b-865c1e00184e', 'Guenna', 'Brunsden', '1980-12-01', CURRENT_TIMESTAMP, CURRENT_TIMESTAMP),
    ('0b268ecf-12f0-45ec-9f7d-48546816e02c', 'Klarrisa', 'Barbey', '1968-09-10', CURRENT_TIMESTAMP, CURRENT_TIMESTAMP),
    ('9a96f28c-d2c7-489b-9148-4d760eba941a', 'Hermione', 'Dwelley', '1976-01-05', CURRENT_TIMESTAMP, CURRENT_TIMESTAMP),
    ('fcc32385-abd3-4ab1-9d6e-11bc9c23830e', 'Bernardine', 'Roskams', '2009-07-13', CURRENT_TIMESTAMP, CURRENT_TIMESTAMP),
    ('76fe02f5-29d1-4c0a-b7e5-9143f7ff87a8', 'Karel', 'Sate', '1964-02-23', CURRENT_TIMESTAMP, CURRENT_TIMESTAMP),
    ('a507c361-58af-4645-abc9-967125796d80', 'Orsa', 'Stanislaw', '1981-03-18', CURRENT_TIMESTAMP, CURRENT_TIMESTAMP),
    ('6c563681-05d4-4919-b389-c1abdd6b2db2', 'Liza', 'Pearde', '1963-12-12', CURRENT_TIMESTAMP, CURRENT_TIMESTAMP),
    ('edf22ddc-888a-461b-9b36-40ae34070a27', 'Dilan', 'Woodsford', '1950-02-19', CURRENT_TIMESTAMP, CURRENT_TIMESTAMP),
    ('faa866fc-8680-4665-a764-51ff66c05f7d', 'Powell', 'Kitman', '1955-02-05', CURRENT_TIMESTAMP, CURRENT_TIMESTAMP),
    ('9b9c9bfe-bb78-43da-affb-38e8bef469fc', 'Renate', 'Edscer', '2008-05-23', CURRENT_TIMESTAMP, CURRENT_TIMESTAMP),
    ('e87cc345-5b27-412b-8ea2-23996d35f1fe', 'Mindy', 'Gooday', '1981-09-04', CURRENT_TIMESTAMP, CURRENT_TIMESTAMP),
    ('ccced4f1-2c2f-4971-8052-12397105359d', 'Tedra', 'McTurk', '1965-09-23', CURRENT_TIMESTAMP, CURRENT_TIMESTAMP),
    ('9ec059f7-9768-4cb2-bb51-e54637392757', 'Abbye', 'Baudain', '1957-02-12', CURRENT_TIMESTAMP, CURRENT_TIMESTAMP),
    ('701804c2-c4f0-435e-83b5-55376761b3db', 'Reggy', 'La Croce', '1973-12-22', CURRENT_TIMESTAMP, CURRENT_TIMESTAMP),
    ('da541c98-c62c-48fe-92e4-a5bf85868faf', 'Leonid', 'Mortell', '1956-02-04', CURRENT_TIMESTAMP, CURRENT_TIMESTAMP),
    ('6e19e22f-c959-467c-a828-28dd5f5f7725', 'Hailey', 'Newport', '1977-06-22', CURRENT_TIMESTAMP, CURRENT_TIMESTAMP),
    ('de6514eb-4ede-4f8d-a485-ca102bb3f85d', 'Maiga', 'Blackboro', '1973-04-25', CURRENT_TIMESTAMP, CURRENT_TIMESTAMP),
    ('aecc2edf-4e8d-438e-af74-7aaf1c3f1ddb', 'Townsend', 'Linkie', '1977-06-22', CURRENT_TIMESTAMP, CURRENT_TIMESTAMP),
    ('e23be671-b9e1-4b76-99ce-1a39963e4941', 'Bink', 'Sulland', '1966-11-18', CURRENT_TIMESTAMP, CURRENT_TIMESTAMP),
    ('1a1c6004-3139-46ee-8f8a-daac56ee6bda', 'Claudianus', 'Hindes', '2002-01-09', CURRENT_TIMESTAMP, CURRENT_TIMESTAMP),
    ('e5e446ee-0c71-4ef9-8740-2bf4d733c8c3', 'Baillie', 'Truran', '1980-05-13', CURRENT_TIMESTAMP, CURRENT_TIMESTAMP),
    ('80e85073-2ecd-4a68-b2b2-e2d55fe5123b', 'Ginny', 'Rustedge', '1976-03-23', CURRENT_TIMESTAMP, CURRENT_TIMESTAMP),
    ('3b35ca7a-2eae-46bc-8a23-874e8810f883', 'Vivie', 'Theuff', '1989-03-11', CURRENT_TIMESTAMP, CURRENT_TIMESTAMP),
    ('eb0f417b-aa1e-40c3-8fd8-6f33481d7fb2', 'Ulric', 'McElrath', '1993-09-04', CURRENT_TIMESTAMP, CURRENT_TIMESTAMP),
    ('572ecb84-9e0b-4a2d-afdc-bd13f5c59871', 'Junette', 'Pippin', '1998-09-05', CURRENT_TIMESTAMP, CURRENT_TIMESTAMP),
    ('99ab74a4-078c-462f-bebe-ea063d7ef6ba', 'Gordan', 'Rishbrook', '1953-04-12', CURRENT_TIMESTAMP, CURRENT_TIMESTAMP),
    ('d86f211a-782a-456c-86a0-079c5fa65179', 'Fergus', 'Layton', '1956-12-04', CURRENT_TIMESTAMP, CURRENT_TIMESTAMP),
    ('06e2fd2e-73b8-4d75-b24b-d11b895235eb', 'Tommy', 'Jacobi', '1964-01-08', CURRENT_TIMESTAMP, CURRENT_TIMESTAMP),
    ('8d047543-80d7-464c-bbfa-1a394f4280b0', 'Sauncho', 'Bru', '1998-01-16', CURRENT_TIMESTAMP, CURRENT_TIMESTAMP),
    ('d229459c-46ec-4721-b13a-edf29ecf5411', 'Merl', 'McCloy', '1983-01-09', CURRENT_TIMESTAMP, CURRENT_TIMESTAMP),
    ('761d1a4c-0fd2-48d2-b4c3-2b04d6a9cc97', 'Mikel', 'Doelle', '2008-10-29', CURRENT_TIMESTAMP, CURRENT_TIMESTAMP),
    ('6e8ab2ba-2c4b-4b09-9fc6-af8d5d615c70', 'Joeann', 'Smallpeice', '1992-04-18', CURRENT_TIMESTAMP, CURRENT_TIMESTAMP),
    ('6bb593e3-675f-4484-be62-e3dc0d5d8824', 'Cathrin', 'Bertl', '1985-06-16', CURRENT_TIMESTAMP, CURRENT_TIMESTAMP),
    ('0a277d0e-2d8b-41e5-9487-ae291187b43a', 'Hope', 'Elman', '1962-01-02', CURRENT_TIMESTAMP, CURRENT_TIMESTAMP),
    ('c9de4694-a6bc-4bb8-9b80-d97e25b38613', 'Delora', 'Ajean', '1992-10-09', CURRENT_TIMESTAMP, CURRENT_TIMESTAMP),
    ('14f70916-58ef-40e9-ae32-57f723856485', 'Javier', 'Franzetti', '1980-05-27', CURRENT_TIMESTAMP, CURRENT_TIMESTAMP),
    ('47445990-de01-4ce7-bdd8-67eff7622533', 'Chery', 'Sharplin', '1971-01-01', CURRENT_TIMESTAMP, CURRENT_TIMESTAMP),
    ('58d86275-aea0-43b6-93a7-c8eee7b6823f', 'Douglas', 'Parlour', '2007-12-05', CURRENT_TIMESTAMP, CURRENT_TIMESTAMP),
    ('2992eab6-5269-4e6b-b9a4-14e8714f6fc6', 'Carlynne', 'Fernley', '1959-07-20', CURRENT_TIMESTAMP, CURRENT_TIMESTAMP),
    ('d4f99c5e-19aa-45a9-b1f5-b766c662355d', 'Lorianna', 'Uttermare', '1989-01-07', CURRENT_TIMESTAMP, CURRENT_TIMESTAMP),
    ('6123ae9a-1a60-485a-b6df-168d24c3fd55', 'Tansy', 'Cottu', '1982-11-07', CURRENT_TIMESTAMP, CURRENT_TIMESTAMP),
    ('20939ee5-77ee-4293-b2c1-fc0842ef1269', 'Gillie', 'Redman', '1990-10-02', CURRENT_TIMESTAMP, CURRENT_TIMESTAMP),
    ('1f19e311-0365-4070-9e48-b7c861876295', 'Rodi', 'Ratazzi', '2001-12-28', CURRENT_TIMESTAMP, CURRENT_TIMESTAMP),
    ('415ded00-a677-4d46-a531-e957d3775cec', 'Mavis', 'Posnette', '1958-05-19', CURRENT_TIMESTAMP, CURRENT_TIMESTAMP),
    ('7964635f-389f-4f96-9141-439ff42f87d4', 'Nikolaus', 'Bratty', '1996-12-29', CURRENT_TIMESTAMP, CURRENT_TIMESTAMP),
    ('383e637a-6bfa-44b1-9069-b5cdd4572f4a', 'Danette', 'Cromley', '1961-09-27', CURRENT_TIMESTAMP, CURRENT_TIMESTAMP),
    ('b9cdd3f4-1a20-4774-b081-bd914a72fd0d', 'Noelani', 'Binning', '1993-08-19', CURRENT_TIMESTAMP, CURRENT_TIMESTAMP),
    ('4f2a2828-8d49-42be-86f7-e97df635bbef', 'Lyndel', 'Missenden', '1995-01-17', CURRENT_TIMESTAMP, CURRENT_TIMESTAMP),
    ('5f34d2be-1250-4c87-bcd7-159fde139373', 'Jarid', 'Brent', '1977-08-06', CURRENT_TIMESTAMP, CURRENT_TIMESTAMP),
    ('8c610d90-24af-47c6-aae1-05a893b433ec', 'Enrique', 'Bails', '1978-01-01', CURRENT_TIMESTAMP, CURRENT_TIMESTAMP),
    ('7df2ab4d-91ea-43b3-b257-823ac562164d', 'Tyrone', 'Carwardine', '1979-09-28', CURRENT_TIMESTAMP, CURRENT_TIMESTAMP),
    ('a3787fba-684a-4f96-9b61-0cf7083b3d04', 'Bar', 'Madner', '1989-08-21', CURRENT_TIMESTAMP, CURRENT_TIMESTAMP),
    ('af7e445b-3a21-482c-ac02-16138cf068e6', 'Missy', 'Ramage', '1956-11-16', CURRENT_TIMESTAMP, CURRENT_TIMESTAMP),
    ('29279cdc-4871-4826-a281-8e3603f93521', 'Cindee', 'Crocetti', '1956-05-05', CURRENT_TIMESTAMP, CURRENT_TIMESTAMP),
    ('624d4f3e-7a5a-49b0-aaae-883e828e44d4', 'Arlen', 'Michele', '1971-09-29', CURRENT_TIMESTAMP, CURRENT_TIMESTAMP),
    ('ba3f7201-d229-4984-ad41-79e9de4b4f1b', 'Philippe', 'Sanger', '1951-12-19', CURRENT_TIMESTAMP, CURRENT_TIMESTAMP),
    ('4868d60e-71f7-4f74-a02c-1759382b0a22', 'Kori', 'Bracey', '1954-04-07', CURRENT_TIMESTAMP, CURRENT_TIMESTAMP),
    ('b0728e57-aff6-455b-aefc-342ce2a931de', 'Cordie', 'Hunnicutt', '1994-11-07', CURRENT_TIMESTAMP, CURRENT_TIMESTAMP),
    ('e2e82a2c-1e5e-4bc5-8240-d4735f6a2d97', 'Christophorus', 'Taaffe', '1998-06-16', CURRENT_TIMESTAMP, CURRENT_TIMESTAMP),
    ('bf0f8a51-8489-4c07-a4e2-e27552906803', 'Hyacinthie', 'Penke', '1979-08-13', CURRENT_TIMESTAMP, CURRENT_TIMESTAMP),
    ('463b2934-8bf3-424b-bc8a-d35d82429334', 'Fayette', 'Bygrave', '1994-11-12', CURRENT_TIMESTAMP, CURRENT_TIMESTAMP),
    ('2c895b35-2a2c-4567-b697-71653d634ecc', 'Margy', 'Pally', '1963-05-11', CURRENT_TIMESTAMP, CURRENT_TIMESTAMP),
    ('a2daf595-62db-4fef-a1a9-ad3937af3ceb', 'Biron', 'Waghorn', '1971-09-15', CURRENT_TIMESTAMP, CURRENT_TIMESTAMP),
    ('bf4a18a9-a41c-4ba9-a637-709e48c668d8', 'Bride', 'Betjes', '1980-09-15', CURRENT_TIMESTAMP, CURRENT_TIMESTAMP),
    ('257d33b2-bec7-4fcf-a03b-8e6c4f2cbf16', 'Vernice', 'Dybald', '1967-06-25', CURRENT_TIMESTAMP, CURRENT_TIMESTAMP),
    ('a82e5fe2-71df-4c6f-bc69-1f82abe03f46', 'Emelina', 'Smith', '2002-08-18', CURRENT_TIMESTAMP, CURRENT_TIMESTAMP),
    ('2a784754-0452-454b-8bcf-a0c24bc9d948', 'Deeyn', 'Murrill', '1958-12-28', CURRENT_TIMESTAMP, CURRENT_TIMESTAMP),
    ('a74a3bd0-cb89-4710-bb6b-638f03432c2a', 'Ranna', 'Seebright', '1984-01-11', CURRENT_TIMESTAMP, CURRENT_TIMESTAMP),
    ('70716cc5-a1ab-490c-9089-24d5d760d9f4', 'Conny', 'Gerrets', '1991-10-31', CURRENT_TIMESTAMP, CURRENT_TIMESTAMP),
    ('757305f9-e88b-4018-9194-05fa70a9f461', 'Marris', 'O''Leary', '1951-05-09', CURRENT_TIMESTAMP, CURRENT_TIMESTAMP),
    ('5dcc6939-eecc-4629-8968-263aacdaff65', 'Reta', 'McLeod', '2009-12-10', CURRENT_TIMESTAMP, CURRENT_TIMESTAMP),
    ('c6c0abdb-cc57-488e-9a5b-4ae80838f5c4', 'Adina', 'O''Bradane', '1962-10-23', CURRENT_TIMESTAMP, CURRENT_TIMESTAMP),
    ('123a8562-8fb0-4975-aca1-0ec557b7f1d7', 'Bradly', 'Vyse', '1989-03-23', CURRENT_TIMESTAMP, CURRENT_TIMESTAMP),
    ('ee0745ee-d908-40f4-be33-ee8d69b38bfd', 'Pace', 'Dreghorn', '1987-11-18', CURRENT_TIMESTAMP, CURRENT_TIMESTAMP),
    ('5d106ddb-de96-4697-ad2f-677669117473', 'Wenonah', 'Kinsella', '1985-12-12', CURRENT_TIMESTAMP, CURRENT_TIMESTAMP),
    ('2d7a6918-f9a5-4a28-91cf-b6739f1add99', 'Caddric', 'Dargan', '2005-01-14', CURRENT_TIMESTAMP, CURRENT_TIMESTAMP),
    ('1354ed6c-2dff-4f46-80a6-8e3741326ea1', 'Kelsey', 'Harries', '1965-08-20', CURRENT_TIMESTAMP, CURRENT_TIMESTAMP),
    ('aef0b300-29c6-4753-b396-b270fc59f969', 'Imojean', 'McCobb', '2008-08-23', CURRENT_TIMESTAMP, CURRENT_TIMESTAMP),
    ('34ae2205-b72d-4815-a2e7-e71513c47c46', 'Gloria', 'Marke', '1953-12-02', CURRENT_TIMESTAMP, CURRENT_TIMESTAMP),
    ('0a2aefb8-555c-40c3-852a-5073448537d1', 'Nevil', 'Jelf', '2008-10-15', CURRENT_TIMESTAMP, CURRENT_TIMESTAMP),
    ('fb586de1-15f4-4348-b7f6-2f629b6b0199', 'Germain', 'Blagden', '1979-03-16', CURRENT_TIMESTAMP, CURRENT_TIMESTAMP);

-------------------------------------------
-- Populate "merchants" table (20)
-------------------------------------------

INSERT INTO merchants (id, name, description, inserted_at, updated_at)
VALUES
    ('8c6606ca-e610-4ba2-a205-2b443d358bce', 'Thoughtbeat', 'In hac habitasse platea dictumst.', CURRENT_TIMESTAMP, CURRENT_TIMESTAMP),
    ('1ec14946-46a0-4080-b389-e6d965395623', 'Midel', 'Cras pellentesque volutpat dui. Maecenas tristique, est et tempus semper, est quam pharetra magna, ac consequat metus sapien ut nunc.', CURRENT_TIMESTAMP, CURRENT_TIMESTAMP),
    ('0a31922e-a82d-4f7d-bd4b-f7b3f92cb952', 'Livepath', 'In hac habitasse platea dictumst. Etiam faucibus cursus urna. Ut tellus.', CURRENT_TIMESTAMP, CURRENT_TIMESTAMP),
    ('f37bed82-e216-407b-a7ed-46563e488461', 'Wikibox', 'Morbi ut odio.', CURRENT_TIMESTAMP, CURRENT_TIMESTAMP),
    ('8b1ec411-864b-408e-8eeb-6ae7597b7552', 'Trunyx', 'Aliquam quis turpis eget elit sodales scelerisque.', CURRENT_TIMESTAMP, CURRENT_TIMESTAMP),
    ('b8bed54d-3d1e-4c58-b545-0c5131bc092e', 'Blognation', 'Aliquam non mauris. Morbi non lectus.', CURRENT_TIMESTAMP, CURRENT_TIMESTAMP),
    ('5b4001a2-3ff5-41de-a7a7-102b3a11d924', 'Buzzbean', 'In hac habitasse platea dictumst. Morbi vestibulum, velit id pretium iaculis, diam erat fermentum justo, nec condimentum neque sapien placerat ante.', CURRENT_TIMESTAMP, CURRENT_TIMESTAMP),
    ('fbd05b58-3b34-4b28-9962-c524a4ed7d13', 'InnoZ', 'Donec dapibus.', CURRENT_TIMESTAMP, CURRENT_TIMESTAMP),
    ('ec600a86-18cf-469e-a6c6-8575ac9c959e', 'Photobug', 'Praesent blandit lacinia erat.', CURRENT_TIMESTAMP, CURRENT_TIMESTAMP),
    ('d5040552-0556-4987-9829-cdf120e4cea6', 'Einti', 'Integer non velit.', CURRENT_TIMESTAMP, CURRENT_TIMESTAMP),
    ('14bd2f6d-bb59-4d79-920a-20312f219b30', 'Dazzlesphere', 'Mauris sit amet eros.', CURRENT_TIMESTAMP, CURRENT_TIMESTAMP),
    ('01c5f39a-059e-4c65-b190-c2f368f9f600', 'Devbug', 'Integer pede justo, lacinia eget, tincidunt eget, tempus vel, pede. Morbi porttitor lorem id ligula.', CURRENT_TIMESTAMP, CURRENT_TIMESTAMP),
    ('5a9dcacc-9b14-434a-b852-28298a7a0589', 'Dabfeed', 'In eleifend quam a odio.', CURRENT_TIMESTAMP, CURRENT_TIMESTAMP),
    ('eecde80e-936d-494b-a04b-59418e983da3', 'Buzzster', 'Duis mattis egestas metus. Aenean fermentum.', CURRENT_TIMESTAMP, CURRENT_TIMESTAMP),
    ('c13be939-bde8-4637-aed8-958714fd70e7', 'Thoughtworks', 'Donec diam neque, vestibulum eget, vulputate ut, ultrices vel, augue.', CURRENT_TIMESTAMP, CURRENT_TIMESTAMP),
    ('98c89f4e-f70f-4492-8dbe-9702a8a18bae', 'Rhycero', 'Vestibulum rutrum rutrum neque.', CURRENT_TIMESTAMP, CURRENT_TIMESTAMP),
    ('ee8556fc-5fba-49e6-a733-5993e3b35c6f', 'Skyvu', 'Vestibulum sed magna at nunc commodo placerat. Praesent blandit. Nam nulla.', CURRENT_TIMESTAMP, CURRENT_TIMESTAMP),
    ('8e83fa5e-1180-4477-9f30-18ff52a5808d', 'Rhybox', 'Quisque ut erat.', CURRENT_TIMESTAMP, CURRENT_TIMESTAMP),
    ('03381883-8497-488c-a51e-ff86c1da12c7', 'Eadel', 'Vestibulum ac est lacinia nisi venenatis tristique.', CURRENT_TIMESTAMP, CURRENT_TIMESTAMP),
    ('ade8543b-9f31-4aab-9ce6-d6f67a6c7000', 'Realfire', 'Phasellus id sapien in sapien iaculis congue. Vivamus metus arcu, adipiscing molestie, hendrerit at, vulputate vitae, nisl.', CURRENT_TIMESTAMP, CURRENT_TIMESTAMP);

-------------------------------------------
-- Populate "transactions" table (200)
-------------------------------------------

INSERT INTO transactions (id, amount, credit, debit, description, user_id, merchant_id, inserted_at, updated_at)
VALUES
    ('7728de41-9020-451f-bd3a-28e8aba4aa7a', 30547, FALSE, TRUE, 'Donec dapibus. Duis at velit eu est congue elementum.', '6e8ab2ba-2c4b-4b09-9fc6-af8d5d615c70', '1ec14946-46a0-4080-b389-e6d965395623', CURRENT_TIMESTAMP, CURRENT_TIMESTAMP),
    ('395eb094-355c-41ff-8bcd-03cc0ba9afea', 14846, FALSE, TRUE, 'Proin eu mi. Nulla ac enim.', '9faf687c-9763-4bba-9688-b54201ad5602', 'ade8543b-9f31-4aab-9ce6-d6f67a6c7000', CURRENT_TIMESTAMP, CURRENT_TIMESTAMP),
    ('6775e38d-ac2b-4ef1-9b3a-e0a4492bfc95', 28583, FALSE, TRUE, 'In quis justo. Maecenas rhoncus aliquam lacus.', 'ccced4f1-2c2f-4971-8052-12397105359d', 'f37bed82-e216-407b-a7ed-46563e488461', CURRENT_TIMESTAMP, CURRENT_TIMESTAMP),
    ('b3d077bb-46d1-4eaf-b71d-61e41be56360', 35682, TRUE, FALSE, 'Vestibulum ante ipsum primis in faucibus orci luctus et ultrices posuere cubilia Curae; Mauris viverra diam vitae quam. Suspendisse potenti.', 'ee0745ee-d908-40f4-be33-ee8d69b38bfd', '03381883-8497-488c-a51e-ff86c1da12c7', CURRENT_TIMESTAMP, CURRENT_TIMESTAMP),
    ('164564a9-974a-47f6-85dc-0104d2a4e6bc', 76976, TRUE, FALSE, 'Cras in purus eu magna vulputate luctus. Cum sociis natoque penatibus et magnis dis parturient montes, nascetur ridiculus mus.', '98ede3e2-6771-4c9f-99fc-f0874b4b9a85', 'f37bed82-e216-407b-a7ed-46563e488461', CURRENT_TIMESTAMP, CURRENT_TIMESTAMP),
    ('d7a72e8d-ee75-4c40-af32-28d2d0cff134', 47510, FALSE, TRUE, 'Cras mi pede, malesuada in, imperdiet et, commodo vulputate, justo. In blandit ultrices enim.', '463b2934-8bf3-424b-bc8a-d35d82429334', '03381883-8497-488c-a51e-ff86c1da12c7', CURRENT_TIMESTAMP, CURRENT_TIMESTAMP),
    ('5e80540b-5cf8-4fae-82ab-c939fbd69bff', 30167, FALSE, TRUE, 'Nulla mollis molestie lorem.', '572ecb84-9e0b-4a2d-afdc-bd13f5c59871', 'ee8556fc-5fba-49e6-a733-5993e3b35c6f', CURRENT_TIMESTAMP, CURRENT_TIMESTAMP),
    ('79abb11a-ccf3-4fc7-8156-3a17d9526f8a', 22368, TRUE, FALSE, 'Morbi a ipsum.', '2992eab6-5269-4e6b-b9a4-14e8714f6fc6', '5a9dcacc-9b14-434a-b852-28298a7a0589', CURRENT_TIMESTAMP, CURRENT_TIMESTAMP),
    ('3129f901-9708-4294-b17e-c18794dcfb16', 10523, TRUE, FALSE, 'Duis consequat dui nec nisi volutpat eleifend.', '2a784754-0452-454b-8bcf-a0c24bc9d948', '1ec14946-46a0-4080-b389-e6d965395623', CURRENT_TIMESTAMP, CURRENT_TIMESTAMP),
    ('594f37e0-8d99-479a-bbf0-1d34de79c7bc', 9437, FALSE, TRUE, 'In hac habitasse platea dictumst. Etiam faucibus cursus urna.', '1edcdac2-ca60-4eac-bed7-a41911723d9d', '5b4001a2-3ff5-41de-a7a7-102b3a11d924', CURRENT_TIMESTAMP, CURRENT_TIMESTAMP),
    ('b6e5aee3-312d-4fa5-8fc0-afd35ba7749e', 8317, FALSE, TRUE, 'Aliquam quis turpis eget elit sodales scelerisque. Mauris sit amet eros.', 'faa866fc-8680-4665-a764-51ff66c05f7d', 'ade8543b-9f31-4aab-9ce6-d6f67a6c7000', CURRENT_TIMESTAMP, CURRENT_TIMESTAMP),
    ('f7e5a7d3-1e57-48f6-a1ad-5181b2f213d1', 57339, TRUE, FALSE, 'Lorem ipsum dolor sit amet, consectetuer adipiscing elit.', 'aef0b300-29c6-4753-b396-b270fc59f969', 'ec600a86-18cf-469e-a6c6-8575ac9c959e', CURRENT_TIMESTAMP, CURRENT_TIMESTAMP),
    ('d8472a66-eaaf-400e-b076-65071a1f2145', 58516, FALSE, TRUE, 'Vivamus in felis eu sapien cursus vestibulum.', '29279cdc-4871-4826-a281-8e3603f93521', 'c13be939-bde8-4637-aed8-958714fd70e7', CURRENT_TIMESTAMP, CURRENT_TIMESTAMP),
    ('86299ad3-c8be-46b3-b86f-2dc94ebe60a7', 66792, TRUE, FALSE, 'Pellentesque at nulla.', 'a3787fba-684a-4f96-9b61-0cf7083b3d04', '8b1ec411-864b-408e-8eeb-6ae7597b7552', CURRENT_TIMESTAMP, CURRENT_TIMESTAMP),
    ('0a435f66-68f3-435b-ba7c-2c7ba8fabb3e', 65897, FALSE, TRUE, 'Morbi sem mauris, laoreet ut, rhoncus aliquet, pulvinar sed, nisl. Nunc rhoncus dui vel sem.', 'a507c361-58af-4645-abc9-967125796d80', '14bd2f6d-bb59-4d79-920a-20312f219b30', CURRENT_TIMESTAMP, CURRENT_TIMESTAMP),
    ('8971a849-77a8-48a9-8be5-d47ae161ae17', 20268, FALSE, TRUE, 'Maecenas tristique, est et tempus semper, est quam pharetra magna, ac consequat metus sapien ut nunc. Vestibulum ante ipsum primis in faucibus orci luctus et ultrices posuere cubilia Curae; Mauris viverra diam vitae quam.', '7df2ab4d-91ea-43b3-b257-823ac562164d', 'ec600a86-18cf-469e-a6c6-8575ac9c959e', CURRENT_TIMESTAMP, CURRENT_TIMESTAMP),
    ('8191e822-9528-46ae-aa38-010901d211d4', 72184, TRUE, FALSE, 'Nullam orci pede, venenatis non, sodales sed, tincidunt eu, felis. Fusce posuere felis sed lacus.', 'de6514eb-4ede-4f8d-a485-ca102bb3f85d', '5a9dcacc-9b14-434a-b852-28298a7a0589', CURRENT_TIMESTAMP, CURRENT_TIMESTAMP),
    ('986cc4ed-f4f8-4ad8-b26e-8aace5d3b867', 43706, FALSE, TRUE, 'Duis bibendum.', '5f34d2be-1250-4c87-bcd7-159fde139373', '1ec14946-46a0-4080-b389-e6d965395623', CURRENT_TIMESTAMP, CURRENT_TIMESTAMP),
    ('3e15a925-a0e3-4861-a210-d2ecb643729c', 73717, FALSE, TRUE, 'Nulla suscipit ligula in lacus.', 'ed39be33-9d1d-419c-9d3c-77a9037b7dd6', 'eecde80e-936d-494b-a04b-59418e983da3', CURRENT_TIMESTAMP, CURRENT_TIMESTAMP),
    ('d4991469-24fd-49c5-b027-ccc5965da5f3', 93449, FALSE, TRUE, 'Vestibulum ante ipsum primis in faucibus orci luctus et ultrices posuere cubilia Curae; Mauris viverra diam vitae quam.', '8e159dce-ad02-43a9-8c97-9956d753cb10', '5b4001a2-3ff5-41de-a7a7-102b3a11d924', CURRENT_TIMESTAMP, CURRENT_TIMESTAMP),
    ('1def1887-d3a5-4ff1-9cc3-e124a576d6e7', 87093, TRUE, FALSE, 'Aenean auctor gravida sem.', 'ba3f7201-d229-4984-ad41-79e9de4b4f1b', 'd5040552-0556-4987-9829-cdf120e4cea6', CURRENT_TIMESTAMP, CURRENT_TIMESTAMP),
    ('73298d0f-7ee6-4172-a4fd-cc227468e547', 32560, FALSE, TRUE, 'Vivamus tortor. Duis mattis egestas metus.', '2992eab6-5269-4e6b-b9a4-14e8714f6fc6', 'eecde80e-936d-494b-a04b-59418e983da3', CURRENT_TIMESTAMP, CURRENT_TIMESTAMP),
    ('41d5656a-ec79-42c3-a38a-4f81d67ace28', 75448, FALSE, TRUE, 'Curabitur convallis. Duis consequat dui nec nisi volutpat eleifend.', 'fd008d84-3cab-4c4d-b64c-ac46e063cd5b', '03381883-8497-488c-a51e-ff86c1da12c7', CURRENT_TIMESTAMP, CURRENT_TIMESTAMP),
    ('0cc1cc9f-f14b-4cca-a932-aa7c7f9a2877', 83914, FALSE, TRUE, 'Maecenas ut massa quis augue luctus tincidunt.', '2e7ed74e-f1b0-48df-b477-e46261723649', '98c89f4e-f70f-4492-8dbe-9702a8a18bae', CURRENT_TIMESTAMP, CURRENT_TIMESTAMP),
    ('567d482f-db71-4776-a2b3-a3b16009c97d', 72754, FALSE, TRUE, 'Nulla tempus. Vivamus in felis eu sapien cursus vestibulum.', '9ec059f7-9768-4cb2-bb51-e54637392757', '1ec14946-46a0-4080-b389-e6d965395623', CURRENT_TIMESTAMP, CURRENT_TIMESTAMP),
    ('f4cd86dd-310b-462f-b584-58c29f4e53ba', 4595, FALSE, TRUE, 'Maecenas tristique, est et tempus semper, est quam pharetra magna, ac consequat metus sapien ut nunc.', 'bf0f8a51-8489-4c07-a4e2-e27552906803', 'eecde80e-936d-494b-a04b-59418e983da3', CURRENT_TIMESTAMP, CURRENT_TIMESTAMP),
    ('a7939e2f-2772-4bc2-af6a-6de3aa21685a', 23662, FALSE, TRUE, 'Quisque id justo sit amet sapien dignissim vestibulum.', 'aecc2edf-4e8d-438e-af74-7aaf1c3f1ddb', 'b8bed54d-3d1e-4c58-b545-0c5131bc092e', CURRENT_TIMESTAMP, CURRENT_TIMESTAMP),
    ('c7367490-2924-48a4-8e16-cab301f2304c', 92000, TRUE, FALSE, 'Donec posuere metus vitae ipsum.', '5dcc6939-eecc-4629-8968-263aacdaff65', '8b1ec411-864b-408e-8eeb-6ae7597b7552', CURRENT_TIMESTAMP, CURRENT_TIMESTAMP),
    ('af91fe3b-30b6-4b51-b2a7-993284161e9f', 6752, TRUE, FALSE, 'Pellentesque viverra pede ac diam. Cras pellentesque volutpat dui.', '383e637a-6bfa-44b1-9069-b5cdd4572f4a', 'eecde80e-936d-494b-a04b-59418e983da3', CURRENT_TIMESTAMP, CURRENT_TIMESTAMP),
    ('9e0c28fb-ed63-44c6-a2ab-e2584fb37d90', 77333, FALSE, TRUE, 'In hac habitasse platea dictumst. Maecenas ut massa quis augue luctus tincidunt.', 'c9de4694-a6bc-4bb8-9b80-d97e25b38613', '0a31922e-a82d-4f7d-bd4b-f7b3f92cb952', CURRENT_TIMESTAMP, CURRENT_TIMESTAMP),
    ('d813c7af-b9ef-424e-9fd1-59c784d7ebd2', 94017, TRUE, FALSE, 'Phasellus id sapien in sapien iaculis congue. Vivamus metus arcu, adipiscing molestie, hendrerit at, vulputate vitae, nisl.', '6123ae9a-1a60-485a-b6df-168d24c3fd55', '8e83fa5e-1180-4477-9f30-18ff52a5808d', CURRENT_TIMESTAMP, CURRENT_TIMESTAMP),
    ('bdd43c27-b5f4-43fa-b77a-8a983ea63b9b', 3168, TRUE, FALSE, 'Vivamus vestibulum sagittis sapien. Cum sociis natoque penatibus et magnis dis parturient montes, nascetur ridiculus mus.', '701804c2-c4f0-435e-83b5-55376761b3db', '0a31922e-a82d-4f7d-bd4b-f7b3f92cb952', CURRENT_TIMESTAMP, CURRENT_TIMESTAMP),
    ('c9eebd79-2c84-4e0d-8cf0-75efb9e1ca66', 97161, TRUE, FALSE, 'Pellentesque eget nunc. Donec quis orci eget orci vehicula condimentum.', 'ee0745ee-d908-40f4-be33-ee8d69b38bfd', 'ade8543b-9f31-4aab-9ce6-d6f67a6c7000', CURRENT_TIMESTAMP, CURRENT_TIMESTAMP),
    ('1bbde333-e2f9-4cc3-bbc1-28af56173fbf', 45561, TRUE, FALSE, 'Integer tincidunt ante vel ipsum.', '1a1c6004-3139-46ee-8f8a-daac56ee6bda', '14bd2f6d-bb59-4d79-920a-20312f219b30', CURRENT_TIMESTAMP, CURRENT_TIMESTAMP),
    ('45f5ee44-3e56-4e47-bf2d-51d51096c212', 30286, TRUE, FALSE, 'Morbi non lectus. Aliquam sit amet diam in magna bibendum imperdiet.', '76fe02f5-29d1-4c0a-b7e5-9143f7ff87a8', 'ec600a86-18cf-469e-a6c6-8575ac9c959e', CURRENT_TIMESTAMP, CURRENT_TIMESTAMP),
    ('1f878f46-cd5b-495c-aa14-3cfc68687c56', 95163, TRUE, FALSE, 'Morbi ut odio.', 'de6514eb-4ede-4f8d-a485-ca102bb3f85d', '14bd2f6d-bb59-4d79-920a-20312f219b30', CURRENT_TIMESTAMP, CURRENT_TIMESTAMP),
    ('6e3e31b3-dd88-450f-a7ed-3f56ccc2a38f', 35422, FALSE, TRUE, 'Nunc nisl. Duis bibendum, felis sed interdum venenatis, turpis enim blandit mi, in porttitor pede justo eu massa.', '2e7ed74e-f1b0-48df-b477-e46261723649', '14bd2f6d-bb59-4d79-920a-20312f219b30', CURRENT_TIMESTAMP, CURRENT_TIMESTAMP),
    ('5ac2954d-4d4f-4c46-8e28-ea580b30732d', 55564, FALSE, TRUE, 'Proin leo odio, porttitor id, consequat in, consequat ut, nulla.', 'ee0745ee-d908-40f4-be33-ee8d69b38bfd', '14bd2f6d-bb59-4d79-920a-20312f219b30', CURRENT_TIMESTAMP, CURRENT_TIMESTAMP),
    ('6a094d82-e836-41f6-9b1d-da7e9b204f7e', 22935, FALSE, TRUE, 'Morbi non quam nec dui luctus rutrum. Nulla tellus.', '29279cdc-4871-4826-a281-8e3603f93521', 'c13be939-bde8-4637-aed8-958714fd70e7', CURRENT_TIMESTAMP, CURRENT_TIMESTAMP),
    ('39b5d00d-54e0-4559-a067-a25bc6e5482a', 11526, FALSE, TRUE, 'Lorem ipsum dolor sit amet, consectetuer adipiscing elit. Proin interdum mauris non ligula pellentesque ultrices.', '4868d60e-71f7-4f74-a02c-1759382b0a22', '14bd2f6d-bb59-4d79-920a-20312f219b30', CURRENT_TIMESTAMP, CURRENT_TIMESTAMP),
    ('c3961c15-a263-4bc9-848d-3823bb903211', 15754, FALSE, TRUE, 'Aliquam erat volutpat. In congue.', '7964635f-389f-4f96-9141-439ff42f87d4', 'ade8543b-9f31-4aab-9ce6-d6f67a6c7000', CURRENT_TIMESTAMP, CURRENT_TIMESTAMP),
    ('a6e66bda-d3cb-4a83-a3d3-4e6a70edc768', 61720, TRUE, FALSE, 'Donec ut dolor.', 'dbb30b35-6d04-4053-8ba0-f7284926c80e', '5b4001a2-3ff5-41de-a7a7-102b3a11d924', CURRENT_TIMESTAMP, CURRENT_TIMESTAMP),
    ('2c57f1fd-64f9-40f5-9e66-c041c6ea8153', 61073, FALSE, TRUE, 'In sagittis dui vel nisl. Duis ac nibh.', '2e7ed74e-f1b0-48df-b477-e46261723649', '14bd2f6d-bb59-4d79-920a-20312f219b30', CURRENT_TIMESTAMP, CURRENT_TIMESTAMP),
    ('61b7bf0d-9515-4b13-a522-c859792e5555', 8091, TRUE, FALSE, 'Vestibulum ante ipsum primis in faucibus orci luctus et ultrices posuere cubilia Curae; Duis faucibus accumsan odio. Curabitur convallis.', 'f18b9e05-8d72-41cc-9074-9070d44555d9', '8c6606ca-e610-4ba2-a205-2b443d358bce', CURRENT_TIMESTAMP, CURRENT_TIMESTAMP),
    ('bf48a653-f0a1-439c-9f57-c2cc4be1cbf7', 9547, FALSE, TRUE, 'Aliquam augue quam, sollicitudin vitae, consectetuer eget, rutrum at, lorem. Integer tincidunt ante vel ipsum.', 'ba3f7201-d229-4984-ad41-79e9de4b4f1b', '1ec14946-46a0-4080-b389-e6d965395623', CURRENT_TIMESTAMP, CURRENT_TIMESTAMP),
    ('c7448a58-878e-4495-af34-c6d574ab037a', 20009, TRUE, FALSE, 'In hac habitasse platea dictumst. Morbi vestibulum, velit id pretium iaculis, diam erat fermentum justo, nec condimentum neque sapien placerat ante.', 'fd008d84-3cab-4c4d-b64c-ac46e063cd5b', '5b4001a2-3ff5-41de-a7a7-102b3a11d924', CURRENT_TIMESTAMP, CURRENT_TIMESTAMP),
    ('62492ea9-53ec-4736-a4e1-a12d35166e74', 45664, FALSE, TRUE, 'Quisque erat eros, viverra eget, congue eget, semper rutrum, nulla. Nunc purus.', 'fd008d84-3cab-4c4d-b64c-ac46e063cd5b', '5b4001a2-3ff5-41de-a7a7-102b3a11d924', CURRENT_TIMESTAMP, CURRENT_TIMESTAMP),
    ('61d11950-85f3-4f9a-b7d6-08710088b484', 94299, TRUE, FALSE, 'Duis bibendum, felis sed interdum venenatis, turpis enim blandit mi, in porttitor pede justo eu massa. Donec dapibus.', '6123ae9a-1a60-485a-b6df-168d24c3fd55', '0a31922e-a82d-4f7d-bd4b-f7b3f92cb952', CURRENT_TIMESTAMP, CURRENT_TIMESTAMP),
    ('ac3c0885-85cc-4457-918d-a3c86045ce3f', 31860, FALSE, TRUE, 'Cum sociis natoque penatibus et magnis dis parturient montes, nascetur ridiculus mus.', 'd4f99c5e-19aa-45a9-b1f5-b766c662355d', '5a9dcacc-9b14-434a-b852-28298a7a0589', CURRENT_TIMESTAMP, CURRENT_TIMESTAMP),
    ('fa233250-9602-446f-bdfb-0158efaa7bcd', 65978, FALSE, TRUE, 'Nunc rhoncus dui vel sem.', '6e8ab2ba-2c4b-4b09-9fc6-af8d5d615c70', 'ec600a86-18cf-469e-a6c6-8575ac9c959e', CURRENT_TIMESTAMP, CURRENT_TIMESTAMP),
    ('f1e7f9da-d796-4db9-af17-9ae3acfc9ee3', 7770, TRUE, FALSE, 'Nunc nisl. Duis bibendum, felis sed interdum venenatis, turpis enim blandit mi, in porttitor pede justo eu massa.', '123a8562-8fb0-4975-aca1-0ec557b7f1d7', '8c6606ca-e610-4ba2-a205-2b443d358bce', CURRENT_TIMESTAMP, CURRENT_TIMESTAMP),
    ('b2522ebf-83bc-4f16-8d00-8ec569c873e6', 35774, TRUE, FALSE, 'Nullam porttitor lacus at turpis.', '9ec059f7-9768-4cb2-bb51-e54637392757', 'f37bed82-e216-407b-a7ed-46563e488461', CURRENT_TIMESTAMP, CURRENT_TIMESTAMP),
    ('d72706c2-8168-4c11-8c88-5f5c43a4ee4b', 42471, FALSE, TRUE, 'Proin risus.', '70716cc5-a1ab-490c-9089-24d5d760d9f4', '14bd2f6d-bb59-4d79-920a-20312f219b30', CURRENT_TIMESTAMP, CURRENT_TIMESTAMP),
    ('44388f08-63f2-4c3b-8664-5bf0d8d84122', 37871, FALSE, TRUE, 'Nullam porttitor lacus at turpis.', 'd229459c-46ec-4721-b13a-edf29ecf5411', '0a31922e-a82d-4f7d-bd4b-f7b3f92cb952', CURRENT_TIMESTAMP, CURRENT_TIMESTAMP),
    ('721d6103-3eb3-47b4-9e8e-89f180ff07ab', 35380, TRUE, FALSE, 'Aenean lectus. Pellentesque eget nunc.', '9a96f28c-d2c7-489b-9148-4d760eba941a', 'd5040552-0556-4987-9829-cdf120e4cea6', CURRENT_TIMESTAMP, CURRENT_TIMESTAMP),
    ('a602383e-ba92-4555-8bf9-43d85c7224e1', 83883, FALSE, TRUE, 'Suspendisse potenti. In eleifend quam a odio.', '9a96f28c-d2c7-489b-9148-4d760eba941a', '14bd2f6d-bb59-4d79-920a-20312f219b30', CURRENT_TIMESTAMP, CURRENT_TIMESTAMP),
    ('838975e4-c1b8-41b4-ba07-923329398ad6', 50861, TRUE, FALSE, 'Quisque porta volutpat erat.', '383e637a-6bfa-44b1-9069-b5cdd4572f4a', '03381883-8497-488c-a51e-ff86c1da12c7', CURRENT_TIMESTAMP, CURRENT_TIMESTAMP),
    ('4135f5b9-6e73-4760-bf3b-e2cb228c720c', 68602, FALSE, TRUE, 'Ut at dolor quis odio consequat varius. Integer ac leo.', 'ccced4f1-2c2f-4971-8052-12397105359d', 'eecde80e-936d-494b-a04b-59418e983da3', CURRENT_TIMESTAMP, CURRENT_TIMESTAMP),
    ('422ac157-1fb8-4428-9f7e-d17f15720fd4', 11129, TRUE, FALSE, 'Ut tellus. Nulla ut erat id mauris vulputate elementum.', '701804c2-c4f0-435e-83b5-55376761b3db', '8e83fa5e-1180-4477-9f30-18ff52a5808d', CURRENT_TIMESTAMP, CURRENT_TIMESTAMP),
    ('56f4c451-4533-4631-b567-c6a8b657fd31', 31069, FALSE, TRUE, 'Proin leo odio, porttitor id, consequat in, consequat ut, nulla.', 'c9de4694-a6bc-4bb8-9b80-d97e25b38613', '14bd2f6d-bb59-4d79-920a-20312f219b30', CURRENT_TIMESTAMP, CURRENT_TIMESTAMP),
    ('457e81eb-55d7-4c82-bccc-e8b33e65f097', 6796, FALSE, TRUE, 'Maecenas ut massa quis augue luctus tincidunt. Nulla mollis molestie lorem.', '3b35ca7a-2eae-46bc-8a23-874e8810f883', 'b8bed54d-3d1e-4c58-b545-0c5131bc092e', CURRENT_TIMESTAMP, CURRENT_TIMESTAMP),
    ('909ae9ec-4c92-4a5b-b6d2-a5edb0d56035', 28929, TRUE, FALSE, 'Ut tellus.', 'c9de4694-a6bc-4bb8-9b80-d97e25b38613', '14bd2f6d-bb59-4d79-920a-20312f219b30', CURRENT_TIMESTAMP, CURRENT_TIMESTAMP),
    ('cdea45e2-54cd-4f8f-b0c3-6cf7b11a77c7', 43778, FALSE, TRUE, 'Ut tellus.', 'bf0f8a51-8489-4c07-a4e2-e27552906803', '1ec14946-46a0-4080-b389-e6d965395623', CURRENT_TIMESTAMP, CURRENT_TIMESTAMP),
    ('e4a9d11b-1b62-4c60-aab0-3465943a01ed', 41099, TRUE, FALSE, 'Etiam pretium iaculis justo.', 'e87cc345-5b27-412b-8ea2-23996d35f1fe', 'ec600a86-18cf-469e-a6c6-8575ac9c959e', CURRENT_TIMESTAMP, CURRENT_TIMESTAMP),
    ('d1f90172-651d-418f-bb68-885ff8a0b976', 51529, FALSE, TRUE, 'Aliquam sit amet diam in magna bibendum imperdiet.', 'e5e446ee-0c71-4ef9-8740-2bf4d733c8c3', 'ee8556fc-5fba-49e6-a733-5993e3b35c6f', CURRENT_TIMESTAMP, CURRENT_TIMESTAMP),
    ('64740e37-110a-4c29-96ee-cce8ec99a2b1', 3510, TRUE, FALSE, 'Sed ante. Vivamus tortor.', '6e1f82f5-834a-45ab-b092-04afa6ce5822', '14bd2f6d-bb59-4d79-920a-20312f219b30', CURRENT_TIMESTAMP, CURRENT_TIMESTAMP),
    ('e4182577-3f42-4b69-a1fe-2607ff0c0520', 1143, FALSE, TRUE, 'In tempor, turpis nec euismod scelerisque, quam turpis adipiscing lorem, vitae mattis nibh ligula nec sem. Duis aliquam convallis nunc.', 'a3787fba-684a-4f96-9b61-0cf7083b3d04', 'ec600a86-18cf-469e-a6c6-8575ac9c959e', CURRENT_TIMESTAMP, CURRENT_TIMESTAMP),
    ('ac5eac41-9161-4c7b-b64b-f17f888b0f55', 43570, FALSE, TRUE, 'Suspendisse potenti.', 'c6c0abdb-cc57-488e-9a5b-4ae80838f5c4', 'fbd05b58-3b34-4b28-9962-c524a4ed7d13', CURRENT_TIMESTAMP, CURRENT_TIMESTAMP),
    ('937bfeda-117f-410e-9702-e97bc7f12038', 98690, TRUE, FALSE, 'Maecenas ut massa quis augue luctus tincidunt.', '14f70916-58ef-40e9-ae32-57f723856485', '5b4001a2-3ff5-41de-a7a7-102b3a11d924', CURRENT_TIMESTAMP, CURRENT_TIMESTAMP),
    ('1626478f-cbf0-405f-b34a-525a0addfaa4', 45424, TRUE, FALSE, 'Curabitur gravida nisi at nibh.', '0a2aefb8-555c-40c3-852a-5073448537d1', '8e83fa5e-1180-4477-9f30-18ff52a5808d', CURRENT_TIMESTAMP, CURRENT_TIMESTAMP),
    ('2f8f6128-2a7f-4d58-8b06-2f31d15a644a', 25786, FALSE, TRUE, 'Praesent id massa id nisl venenatis lacinia. Aenean sit amet justo.', '9ec059f7-9768-4cb2-bb51-e54637392757', '0a31922e-a82d-4f7d-bd4b-f7b3f92cb952', CURRENT_TIMESTAMP, CURRENT_TIMESTAMP),
    ('df9f40bd-23a6-46b2-8b8f-e4e0678ed0a5', 75518, FALSE, TRUE, 'Curabitur convallis. Duis consequat dui nec nisi volutpat eleifend.', '0b268ecf-12f0-45ec-9f7d-48546816e02c', 'c13be939-bde8-4637-aed8-958714fd70e7', CURRENT_TIMESTAMP, CURRENT_TIMESTAMP),
    ('033eb5b5-be30-4770-bae4-ccce6dcfa7f6', 86810, FALSE, TRUE, 'Donec ut mauris eget massa tempor convallis. Nulla neque libero, convallis eget, eleifend luctus, ultricies eu, nibh.', 'da541c98-c62c-48fe-92e4-a5bf85868faf', '01c5f39a-059e-4c65-b190-c2f368f9f600', CURRENT_TIMESTAMP, CURRENT_TIMESTAMP),
    ('22464f15-8d02-4708-a3f9-3cd416cede2a', 88121, FALSE, TRUE, 'Vivamus vestibulum sagittis sapien.', 'f18b9e05-8d72-41cc-9074-9070d44555d9', 'fbd05b58-3b34-4b28-9962-c524a4ed7d13', CURRENT_TIMESTAMP, CURRENT_TIMESTAMP),
    ('3f9d2c7f-7397-4920-9888-33a2412a2faa', 3372, TRUE, FALSE, 'Integer tincidunt ante vel ipsum.', '9df9699b-abcd-496e-8da1-ad562af69444', 'ec600a86-18cf-469e-a6c6-8575ac9c959e', CURRENT_TIMESTAMP, CURRENT_TIMESTAMP),
    ('24389a76-8882-4c43-b80c-80d3ec63cc05', 92193, FALSE, TRUE, 'Nunc purus. Phasellus in felis.', '1f19e311-0365-4070-9e48-b7c861876295', 'fbd05b58-3b34-4b28-9962-c524a4ed7d13', CURRENT_TIMESTAMP, CURRENT_TIMESTAMP),
    ('58cb3100-00ae-48ca-aff6-3d6fca55bf4f', 97570, FALSE, TRUE, 'Nam congue, risus semper porta volutpat, quam pede lobortis ligula, sit amet eleifend pede libero quis orci.', '9a96f28c-d2c7-489b-9148-4d760eba941a', 'ee8556fc-5fba-49e6-a733-5993e3b35c6f', CURRENT_TIMESTAMP, CURRENT_TIMESTAMP),
    ('bd8e30ce-4dd1-493f-ae9c-a1b2c103bc99', 50387, FALSE, TRUE, 'Mauris lacinia sapien quis libero. Nullam sit amet turpis elementum ligula vehicula consequat.', 'c6c0abdb-cc57-488e-9a5b-4ae80838f5c4', 'ade8543b-9f31-4aab-9ce6-d6f67a6c7000', CURRENT_TIMESTAMP, CURRENT_TIMESTAMP),
    ('e933dbb9-c1a8-4000-9485-b334d61db8e1', 62856, FALSE, TRUE, 'Vestibulum sed magna at nunc commodo placerat.', '624d4f3e-7a5a-49b0-aaae-883e828e44d4', 'd5040552-0556-4987-9829-cdf120e4cea6', CURRENT_TIMESTAMP, CURRENT_TIMESTAMP),
    ('6a61fe03-fe4c-4040-8a4e-52faf82bbd4c', 47716, TRUE, FALSE, 'Nullam orci pede, venenatis non, sodales sed, tincidunt eu, felis. Fusce posuere felis sed lacus.', '34ae2205-b72d-4815-a2e7-e71513c47c46', 'ade8543b-9f31-4aab-9ce6-d6f67a6c7000', CURRENT_TIMESTAMP, CURRENT_TIMESTAMP),
    ('b919d51c-2c44-4f20-875e-62896dc77c5b', 61373, TRUE, FALSE, 'In sagittis dui vel nisl. Duis ac nibh.', '5f34d2be-1250-4c87-bcd7-159fde139373', '98c89f4e-f70f-4492-8dbe-9702a8a18bae', CURRENT_TIMESTAMP, CURRENT_TIMESTAMP),
    ('a35d3607-b535-42e4-af0d-9836aa9b75cd', 25189, FALSE, TRUE, 'Vestibulum ante ipsum primis in faucibus orci luctus et ultrices posuere cubilia Curae; Donec pharetra, magna vestibulum aliquet ultrices, erat tortor sollicitudin mi, sit amet lobortis sapien sapien non mi.', 'fb87cf02-cd38-44dc-b184-52165ee80d33', '5b4001a2-3ff5-41de-a7a7-102b3a11d924', CURRENT_TIMESTAMP, CURRENT_TIMESTAMP),
    ('04883099-f68b-44b4-9e89-f30ed201130e', 52408, TRUE, FALSE, 'Cum sociis natoque penatibus et magnis dis parturient montes, nascetur ridiculus mus. Vivamus vestibulum sagittis sapien.', 'd27e5d53-05b7-4a01-9170-1664669cb544', 'ec600a86-18cf-469e-a6c6-8575ac9c959e', CURRENT_TIMESTAMP, CURRENT_TIMESTAMP),
    ('11575877-55b5-4d8f-b253-6a215e731845', 94703, TRUE, FALSE, 'In hac habitasse platea dictumst.', 'de6514eb-4ede-4f8d-a485-ca102bb3f85d', 'ec600a86-18cf-469e-a6c6-8575ac9c959e', CURRENT_TIMESTAMP, CURRENT_TIMESTAMP),
    ('62969864-19a4-4318-88fd-22900a8aafa4', 98946, FALSE, TRUE, 'Curabitur gravida nisi at nibh.', '9ec059f7-9768-4cb2-bb51-e54637392757', '01c5f39a-059e-4c65-b190-c2f368f9f600', CURRENT_TIMESTAMP, CURRENT_TIMESTAMP),
    ('5146df20-f86d-4519-897a-de9e1e17610d', 49384, TRUE, FALSE, 'Nunc rhoncus dui vel sem.', '6e19e22f-c959-467c-a828-28dd5f5f7725', 'd5040552-0556-4987-9829-cdf120e4cea6', CURRENT_TIMESTAMP, CURRENT_TIMESTAMP),
    ('df06e027-08a1-41b1-9fcf-62fecb785457', 96989, FALSE, TRUE, 'Vestibulum ante ipsum primis in faucibus orci luctus et ultrices posuere cubilia Curae; Mauris viverra diam vitae quam.', 'ed39be33-9d1d-419c-9d3c-77a9037b7dd6', 'b8bed54d-3d1e-4c58-b545-0c5131bc092e', CURRENT_TIMESTAMP, CURRENT_TIMESTAMP),
    ('baf2967f-875c-4b2e-a048-82222c619a64', 86504, FALSE, TRUE, 'In hac habitasse platea dictumst. Aliquam augue quam, sollicitudin vitae, consectetuer eget, rutrum at, lorem.', 'ee0745ee-d908-40f4-be33-ee8d69b38bfd', '5a9dcacc-9b14-434a-b852-28298a7a0589', CURRENT_TIMESTAMP, CURRENT_TIMESTAMP),
    ('5e67b1f5-9735-44a2-b35f-c63e9d8a027b', 57280, FALSE, TRUE, 'Vestibulum ante ipsum primis in faucibus orci luctus et ultrices posuere cubilia Curae; Duis faucibus accumsan odio.', 'af7e445b-3a21-482c-ac02-16138cf068e6', '8e83fa5e-1180-4477-9f30-18ff52a5808d', CURRENT_TIMESTAMP, CURRENT_TIMESTAMP),
    ('e32f9893-92b3-45a2-b45c-6407529fdbc1', 89613, FALSE, TRUE, 'Proin leo odio, porttitor id, consequat in, consequat ut, nulla. Sed accumsan felis.', '5f34d2be-1250-4c87-bcd7-159fde139373', '8c6606ca-e610-4ba2-a205-2b443d358bce', CURRENT_TIMESTAMP, CURRENT_TIMESTAMP),
    ('243aaa60-ebb6-4c0e-bb07-78c9213f3e2e', 76185, TRUE, FALSE, 'In hac habitasse platea dictumst.', '47445990-de01-4ce7-bdd8-67eff7622533', 'd5040552-0556-4987-9829-cdf120e4cea6', CURRENT_TIMESTAMP, CURRENT_TIMESTAMP),
    ('96fac6c0-6258-4360-9808-9af67769bca5', 86594, TRUE, FALSE, 'Nullam orci pede, venenatis non, sodales sed, tincidunt eu, felis.', '06e2fd2e-73b8-4d75-b24b-d11b895235eb', 'd5040552-0556-4987-9829-cdf120e4cea6', CURRENT_TIMESTAMP, CURRENT_TIMESTAMP),
    ('50f91416-5a67-486a-a39c-aa42b958ba6c', 79600, FALSE, TRUE, 'Suspendisse potenti. Nullam porttitor lacus at turpis.', '415ded00-a677-4d46-a531-e957d3775cec', 'ee8556fc-5fba-49e6-a733-5993e3b35c6f', CURRENT_TIMESTAMP, CURRENT_TIMESTAMP),
    ('194d7f5c-2a76-4ff9-8418-46b429c1382b', 86904, TRUE, FALSE, 'Lorem ipsum dolor sit amet, consectetuer adipiscing elit. Proin interdum mauris non ligula pellentesque ultrices.', 'd4f99c5e-19aa-45a9-b1f5-b766c662355d', '0a31922e-a82d-4f7d-bd4b-f7b3f92cb952', CURRENT_TIMESTAMP, CURRENT_TIMESTAMP),
    ('73441dcb-6e0c-42bd-80b6-89ba47ba15ee', 28373, TRUE, FALSE, 'Vivamus in felis eu sapien cursus vestibulum.', 'c6c0abdb-cc57-488e-9a5b-4ae80838f5c4', 'ade8543b-9f31-4aab-9ce6-d6f67a6c7000', CURRENT_TIMESTAMP, CURRENT_TIMESTAMP),
    ('e0f0fb67-8da8-402c-ae7e-055787e91f50', 91918, FALSE, TRUE, 'Vivamus vestibulum sagittis sapien.', 'aef0b300-29c6-4753-b396-b270fc59f969', '8e83fa5e-1180-4477-9f30-18ff52a5808d', CURRENT_TIMESTAMP, CURRENT_TIMESTAMP),
    ('7d9d8084-13a0-4bdd-b143-97c2d14d0ed2', 91788, TRUE, FALSE, 'Quisque ut erat.', '4f2a2828-8d49-42be-86f7-e97df635bbef', 'eecde80e-936d-494b-a04b-59418e983da3', CURRENT_TIMESTAMP, CURRENT_TIMESTAMP),
    ('0acb9996-1955-4f00-af58-ad45dc096868', 98770, TRUE, FALSE, 'Duis aliquam convallis nunc.', '9b9c9bfe-bb78-43da-affb-38e8bef469fc', 'eecde80e-936d-494b-a04b-59418e983da3', CURRENT_TIMESTAMP, CURRENT_TIMESTAMP),
    ('6d8f730d-dc6d-4402-b6ca-3896dbc1c18c', 8239, FALSE, TRUE, 'Vivamus vestibulum sagittis sapien. Cum sociis natoque penatibus et magnis dis parturient montes, nascetur ridiculus mus.', '58d86275-aea0-43b6-93a7-c8eee7b6823f', 'c13be939-bde8-4637-aed8-958714fd70e7', CURRENT_TIMESTAMP, CURRENT_TIMESTAMP),
    ('6307609c-5e07-497a-bb63-919c848ed9be', 75394, FALSE, TRUE, 'Sed accumsan felis.', '2e7ed74e-f1b0-48df-b477-e46261723649', 'c13be939-bde8-4637-aed8-958714fd70e7', CURRENT_TIMESTAMP, CURRENT_TIMESTAMP),
    ('baed4f20-3970-4056-9f17-3f44c6650337', 57688, FALSE, TRUE, 'Donec diam neque, vestibulum eget, vulputate ut, ultrices vel, augue.', 'd4f99c5e-19aa-45a9-b1f5-b766c662355d', 'd5040552-0556-4987-9829-cdf120e4cea6', CURRENT_TIMESTAMP, CURRENT_TIMESTAMP),
    ('7a2c5e92-4db4-49a2-882a-6986af962d4e', 7692, FALSE, TRUE, 'Nunc purus.', 'bf0f8a51-8489-4c07-a4e2-e27552906803', '14bd2f6d-bb59-4d79-920a-20312f219b30', CURRENT_TIMESTAMP, CURRENT_TIMESTAMP),
    ('755529dc-c6ef-4b7b-8f57-c69cc15af63c', 89733, TRUE, FALSE, 'In hac habitasse platea dictumst. Aliquam augue quam, sollicitudin vitae, consectetuer eget, rutrum at, lorem.', '6123ae9a-1a60-485a-b6df-168d24c3fd55', '1ec14946-46a0-4080-b389-e6d965395623', CURRENT_TIMESTAMP, CURRENT_TIMESTAMP),
    ('dae12221-354b-45de-a1e2-8ebf63acc9da', 80832, TRUE, FALSE, 'Fusce congue, diam id ornare imperdiet, sapien urna pretium nisl, ut volutpat sapien arcu sed augue.', 'edee0200-5ef3-4e07-aba3-f201f5b72774', '98c89f4e-f70f-4492-8dbe-9702a8a18bae', CURRENT_TIMESTAMP, CURRENT_TIMESTAMP),
    ('50494d53-4e81-42c0-89d8-f0db910f7eb8', 69882, TRUE, FALSE, 'Vestibulum ante ipsum primis in faucibus orci luctus et ultrices posuere cubilia Curae; Nulla dapibus dolor vel est. Donec odio justo, sollicitudin ut, suscipit a, feugiat et, eros.', '5dcc6939-eecc-4629-8968-263aacdaff65', '5b4001a2-3ff5-41de-a7a7-102b3a11d924', CURRENT_TIMESTAMP, CURRENT_TIMESTAMP),
    ('bab882c8-b08a-45d3-bf4a-5ab99f91f679', 37336, FALSE, TRUE, 'Curabitur convallis. Duis consequat dui nec nisi volutpat eleifend.', '5dcc6939-eecc-4629-8968-263aacdaff65', 'ade8543b-9f31-4aab-9ce6-d6f67a6c7000', CURRENT_TIMESTAMP, CURRENT_TIMESTAMP),
    ('21ee8b09-eb7f-475b-bf14-acba639c403d', 76687, TRUE, FALSE, 'Fusce lacus purus, aliquet at, feugiat non, pretium quis, lectus.', '76fe02f5-29d1-4c0a-b7e5-9143f7ff87a8', 'c13be939-bde8-4637-aed8-958714fd70e7', CURRENT_TIMESTAMP, CURRENT_TIMESTAMP),
    ('9b78bfd5-aa20-4b29-b727-94ca9701d6e1', 5657, TRUE, FALSE, 'Quisque ut erat. Curabitur gravida nisi at nibh.', '383e637a-6bfa-44b1-9069-b5cdd4572f4a', '1ec14946-46a0-4080-b389-e6d965395623', CURRENT_TIMESTAMP, CURRENT_TIMESTAMP),
    ('5b12f4d2-952d-4726-a4a5-f429190907a7', 19763, TRUE, FALSE, 'Cum sociis natoque penatibus et magnis dis parturient montes, nascetur ridiculus mus. Etiam vel augue.', 'd86f211a-782a-456c-86a0-079c5fa65179', 'eecde80e-936d-494b-a04b-59418e983da3', CURRENT_TIMESTAMP, CURRENT_TIMESTAMP),
    ('f5596976-934a-43d8-9fdc-9d30c5566af3', 25183, FALSE, TRUE, 'Phasellus id sapien in sapien iaculis congue.', 'b0728e57-aff6-455b-aefc-342ce2a931de', 'f37bed82-e216-407b-a7ed-46563e488461', CURRENT_TIMESTAMP, CURRENT_TIMESTAMP),
    ('47434e15-62b6-4813-90d5-e52100874393', 68279, FALSE, TRUE, 'Aliquam non mauris.', '4868d60e-71f7-4f74-a02c-1759382b0a22', 'fbd05b58-3b34-4b28-9962-c524a4ed7d13', CURRENT_TIMESTAMP, CURRENT_TIMESTAMP),
    ('0269a99c-415d-4e43-b163-3f76c3687247', 9334, FALSE, TRUE, 'Morbi vel lectus in quam fringilla rhoncus. Mauris enim leo, rhoncus sed, vestibulum sit amet, cursus id, turpis.', '572ecb84-9e0b-4a2d-afdc-bd13f5c59871', 'ade8543b-9f31-4aab-9ce6-d6f67a6c7000', CURRENT_TIMESTAMP, CURRENT_TIMESTAMP),
    ('8d04f302-198e-42ea-a07f-2be5db4da4ed', 29939, FALSE, TRUE, 'In est risus, auctor sed, tristique in, tempus sit amet, sem. Fusce consequat.', '4868d60e-71f7-4f74-a02c-1759382b0a22', 'f37bed82-e216-407b-a7ed-46563e488461', CURRENT_TIMESTAMP, CURRENT_TIMESTAMP),
    ('5dc463c3-8296-4976-8c94-1e762a039df5', 69997, TRUE, FALSE, 'Nullam sit amet turpis elementum ligula vehicula consequat. Morbi a ipsum.', 'de6514eb-4ede-4f8d-a485-ca102bb3f85d', '01c5f39a-059e-4c65-b190-c2f368f9f600', CURRENT_TIMESTAMP, CURRENT_TIMESTAMP),
    ('61413a6e-be1d-4781-aa2b-20c92f9f4af1', 8555, FALSE, TRUE, 'Praesent lectus.', '761d1a4c-0fd2-48d2-b4c3-2b04d6a9cc97', 'c13be939-bde8-4637-aed8-958714fd70e7', CURRENT_TIMESTAMP, CURRENT_TIMESTAMP),
    ('97a4a013-3882-4cd9-ada2-ef7242ed3714', 24154, TRUE, FALSE, 'Nullam varius. Nulla facilisi.', 'e25933fd-a63c-41d1-bda3-89453b5c80bb', '14bd2f6d-bb59-4d79-920a-20312f219b30', CURRENT_TIMESTAMP, CURRENT_TIMESTAMP),
    ('242c2316-6acd-43e7-ac23-4e1f0efedefc', 97863, TRUE, FALSE, 'Nam tristique tortor eu pede.', 'd4f99c5e-19aa-45a9-b1f5-b766c662355d', '8b1ec411-864b-408e-8eeb-6ae7597b7552', CURRENT_TIMESTAMP, CURRENT_TIMESTAMP),
    ('b423473f-d434-4729-a1c7-788cabc53104', 42637, FALSE, TRUE, 'Fusce lacus purus, aliquet at, feugiat non, pretium quis, lectus. Suspendisse potenti.', 'b9cdd3f4-1a20-4774-b081-bd914a72fd0d', 'd5040552-0556-4987-9829-cdf120e4cea6', CURRENT_TIMESTAMP, CURRENT_TIMESTAMP),
    ('5ff1b74e-f230-45d8-a07e-298bbe80de54', 12639, FALSE, TRUE, 'Quisque erat eros, viverra eget, congue eget, semper rutrum, nulla. Nunc purus.', 'd229459c-46ec-4721-b13a-edf29ecf5411', '5a9dcacc-9b14-434a-b852-28298a7a0589', CURRENT_TIMESTAMP, CURRENT_TIMESTAMP),
    ('5432f111-1447-47fe-9f47-526dcee17842', 27058, TRUE, FALSE, 'Nulla suscipit ligula in lacus. Curabitur at ipsum ac tellus semper interdum.', '4f2a2828-8d49-42be-86f7-e97df635bbef', '03381883-8497-488c-a51e-ff86c1da12c7', CURRENT_TIMESTAMP, CURRENT_TIMESTAMP),
    ('a49ed341-a358-45f0-9871-c70aaaf3cb9e', 9018, FALSE, TRUE, 'Duis consequat dui nec nisi volutpat eleifend.', '6123ae9a-1a60-485a-b6df-168d24c3fd55', '8e83fa5e-1180-4477-9f30-18ff52a5808d', CURRENT_TIMESTAMP, CURRENT_TIMESTAMP),
    ('d7f71b5a-d527-4736-aa80-aa593023f4b6', 25649, FALSE, TRUE, 'Cras pellentesque volutpat dui. Maecenas tristique, est et tempus semper, est quam pharetra magna, ac consequat metus sapien ut nunc.', '2992eab6-5269-4e6b-b9a4-14e8714f6fc6', '14bd2f6d-bb59-4d79-920a-20312f219b30', CURRENT_TIMESTAMP, CURRENT_TIMESTAMP),
    ('95626f21-7feb-4a7a-be0c-2cbcb86783c1', 97423, TRUE, FALSE, 'Cras mi pede, malesuada in, imperdiet et, commodo vulputate, justo.', '9faf687c-9763-4bba-9688-b54201ad5602', 'fbd05b58-3b34-4b28-9962-c524a4ed7d13', CURRENT_TIMESTAMP, CURRENT_TIMESTAMP),
    ('989bb058-422d-4699-84cf-356e31e007c0', 72466, TRUE, FALSE, 'Duis at velit eu est congue elementum. In hac habitasse platea dictumst.', '98ede3e2-6771-4c9f-99fc-f0874b4b9a85', '14bd2f6d-bb59-4d79-920a-20312f219b30', CURRENT_TIMESTAMP, CURRENT_TIMESTAMP),
    ('4a302c51-8a77-4a07-a2d5-3a11e9e7b4a0', 33830, TRUE, FALSE, 'Mauris ullamcorper purus sit amet nulla.', 'a82e5fe2-71df-4c6f-bc69-1f82abe03f46', 'd5040552-0556-4987-9829-cdf120e4cea6', CURRENT_TIMESTAMP, CURRENT_TIMESTAMP),
    ('5dd04a60-0ff9-43b9-bac7-53a6b82bed4f', 46018, TRUE, FALSE, 'Duis aliquam convallis nunc. Proin at turpis a pede posuere nonummy.', 'd86f211a-782a-456c-86a0-079c5fa65179', 'ee8556fc-5fba-49e6-a733-5993e3b35c6f', CURRENT_TIMESTAMP, CURRENT_TIMESTAMP),
    ('5adff484-4907-491f-a637-c4772eddf959', 23204, TRUE, FALSE, 'Maecenas ut massa quis augue luctus tincidunt. Nulla mollis molestie lorem.', '1354ed6c-2dff-4f46-80a6-8e3741326ea1', '8b1ec411-864b-408e-8eeb-6ae7597b7552', CURRENT_TIMESTAMP, CURRENT_TIMESTAMP),
    ('5c832f55-6a55-4b8d-b922-1c3a20883494', 35248, TRUE, FALSE, 'Integer tincidunt ante vel ipsum.', '701804c2-c4f0-435e-83b5-55376761b3db', '5a9dcacc-9b14-434a-b852-28298a7a0589', CURRENT_TIMESTAMP, CURRENT_TIMESTAMP),
    ('7a6e1519-d3f2-422c-b441-17b8e41e6c31', 23086, TRUE, FALSE, 'Fusce posuere felis sed lacus.', '7df2ab4d-91ea-43b3-b257-823ac562164d', '8c6606ca-e610-4ba2-a205-2b443d358bce', CURRENT_TIMESTAMP, CURRENT_TIMESTAMP),
    ('6c001de8-2517-425a-ab22-dba2d78ae1d7', 55536, FALSE, TRUE, 'Morbi non quam nec dui luctus rutrum.', '757305f9-e88b-4018-9194-05fa70a9f461', '1ec14946-46a0-4080-b389-e6d965395623', CURRENT_TIMESTAMP, CURRENT_TIMESTAMP),
    ('6a5336e9-34d2-4a37-a012-878c1a2b954c', 26935, TRUE, FALSE, 'Morbi vestibulum, velit id pretium iaculis, diam erat fermentum justo, nec condimentum neque sapien placerat ante. Nulla justo.', '2d7a6918-f9a5-4a28-91cf-b6739f1add99', 'fbd05b58-3b34-4b28-9962-c524a4ed7d13', CURRENT_TIMESTAMP, CURRENT_TIMESTAMP),
    ('7747edf3-d580-44e1-882f-808dcf2dde13', 77359, FALSE, TRUE, 'Duis aliquam convallis nunc. Proin at turpis a pede posuere nonummy.', '6e1f82f5-834a-45ab-b092-04afa6ce5822', 'ee8556fc-5fba-49e6-a733-5993e3b35c6f', CURRENT_TIMESTAMP, CURRENT_TIMESTAMP),
    ('0078983d-e24f-42db-8283-0b82810a9b1c', 58033, TRUE, FALSE, 'Praesent blandit.', '4f2a2828-8d49-42be-86f7-e97df635bbef', '5a9dcacc-9b14-434a-b852-28298a7a0589', CURRENT_TIMESTAMP, CURRENT_TIMESTAMP),
    ('f0e8eee1-8793-441a-9c53-3b9a1f54c226', 85167, TRUE, FALSE, 'Fusce congue, diam id ornare imperdiet, sapien urna pretium nisl, ut volutpat sapien arcu sed augue. Aliquam erat volutpat.', '6e8ab2ba-2c4b-4b09-9fc6-af8d5d615c70', 'd5040552-0556-4987-9829-cdf120e4cea6', CURRENT_TIMESTAMP, CURRENT_TIMESTAMP),
    ('6583a4c5-ab99-4f29-b671-1b3160fceba7', 29222, FALSE, TRUE, 'In hac habitasse platea dictumst.', 'fb87cf02-cd38-44dc-b184-52165ee80d33', 'b8bed54d-3d1e-4c58-b545-0c5131bc092e', CURRENT_TIMESTAMP, CURRENT_TIMESTAMP),
    ('082eaae4-0c6d-4a25-bcf2-222cb428631f', 79539, TRUE, FALSE, 'Sed accumsan felis.', 'd4f99c5e-19aa-45a9-b1f5-b766c662355d', '1ec14946-46a0-4080-b389-e6d965395623', CURRENT_TIMESTAMP, CURRENT_TIMESTAMP),
    ('4d497dfb-20da-407b-9e9c-eeca5b589e80', 75708, TRUE, FALSE, 'Fusce congue, diam id ornare imperdiet, sapien urna pretium nisl, ut volutpat sapien arcu sed augue.', '2992eab6-5269-4e6b-b9a4-14e8714f6fc6', '8b1ec411-864b-408e-8eeb-6ae7597b7552', CURRENT_TIMESTAMP, CURRENT_TIMESTAMP),
    ('5d201916-1f5b-41c2-85ae-807d3862fffb', 75642, TRUE, FALSE, 'Integer ac leo.', 'edf22ddc-888a-461b-9b36-40ae34070a27', 'ee8556fc-5fba-49e6-a733-5993e3b35c6f', CURRENT_TIMESTAMP, CURRENT_TIMESTAMP),
    ('3f7381e8-f6c6-4975-891b-422892446974', 8658, FALSE, TRUE, 'Sed sagittis. Nam congue, risus semper porta volutpat, quam pede lobortis ligula, sit amet eleifend pede libero quis orci.', 'b6781dc0-a9e2-4444-afa8-89a38054959b', 'f37bed82-e216-407b-a7ed-46563e488461', CURRENT_TIMESTAMP, CURRENT_TIMESTAMP),
    ('8105b31d-48fb-4b67-a0f8-44dd35b49d95', 1807, TRUE, FALSE, 'Donec semper sapien a libero. Nam dui.', '29279cdc-4871-4826-a281-8e3603f93521', 'ade8543b-9f31-4aab-9ce6-d6f67a6c7000', CURRENT_TIMESTAMP, CURRENT_TIMESTAMP),
    ('718fdce3-6f9d-47bf-bb45-e127e33b89d7', 98647, FALSE, TRUE, 'Quisque id justo sit amet sapien dignissim vestibulum.', 'fb586de1-15f4-4348-b7f6-2f629b6b0199', '5a9dcacc-9b14-434a-b852-28298a7a0589', CURRENT_TIMESTAMP, CURRENT_TIMESTAMP),
    ('af0b932d-1c00-4c67-a34b-9f6b6bcdfcf0', 69634, TRUE, FALSE, 'Ut at dolor quis odio consequat varius.', '8d047543-80d7-464c-bbfa-1a394f4280b0', 'd5040552-0556-4987-9829-cdf120e4cea6', CURRENT_TIMESTAMP, CURRENT_TIMESTAMP),
    ('b057a727-d6a7-4bcb-aa0e-c8ed25f4f067', 77012, TRUE, FALSE, 'Lorem ipsum dolor sit amet, consectetuer adipiscing elit.', '5348467e-b941-42a0-a150-fbe4c54a2c26', 'fbd05b58-3b34-4b28-9962-c524a4ed7d13', CURRENT_TIMESTAMP, CURRENT_TIMESTAMP),
    ('5a9ce23d-f2ab-458a-a37e-421bf3f332b1', 53444, FALSE, TRUE, 'Praesent id massa id nisl venenatis lacinia. Aenean sit amet justo.', 'a3787fba-684a-4f96-9b61-0cf7083b3d04', '8c6606ca-e610-4ba2-a205-2b443d358bce', CURRENT_TIMESTAMP, CURRENT_TIMESTAMP),
    ('8fb76a1e-a6aa-4e36-8d74-15259f316609', 22419, TRUE, FALSE, 'Aliquam sit amet diam in magna bibendum imperdiet.', '6c563681-05d4-4919-b389-c1abdd6b2db2', '03381883-8497-488c-a51e-ff86c1da12c7', CURRENT_TIMESTAMP, CURRENT_TIMESTAMP),
    ('1e63b16d-7c8c-48c0-b1ad-b68fcf3e5d7d', 3885, FALSE, TRUE, 'Vestibulum quam sapien, varius ut, blandit non, interdum in, ante.', '757305f9-e88b-4018-9194-05fa70a9f461', 'b8bed54d-3d1e-4c58-b545-0c5131bc092e', CURRENT_TIMESTAMP, CURRENT_TIMESTAMP),
    ('83e170b9-2fd1-439f-9a3b-9b12ee5610b9', 87618, FALSE, TRUE, 'In blandit ultrices enim.', 'e2e82a2c-1e5e-4bc5-8240-d4735f6a2d97', '0a31922e-a82d-4f7d-bd4b-f7b3f92cb952', CURRENT_TIMESTAMP, CURRENT_TIMESTAMP),
    ('a8dc8348-c1f1-4832-8fc3-2132a35aba47', 34442, TRUE, FALSE, 'Cras in purus eu magna vulputate luctus.', 'd229459c-46ec-4721-b13a-edf29ecf5411', 'ec600a86-18cf-469e-a6c6-8575ac9c959e', CURRENT_TIMESTAMP, CURRENT_TIMESTAMP),
    ('ec3265ee-b410-4ff1-aa3f-352e2deb04bf', 1646, FALSE, TRUE, 'Integer tincidunt ante vel ipsum. Praesent blandit lacinia erat.', '487fb1fb-1b57-4363-8d52-dc83571d99ec', 'ade8543b-9f31-4aab-9ce6-d6f67a6c7000', CURRENT_TIMESTAMP, CURRENT_TIMESTAMP),
    ('192e0017-9d0d-48f9-af2f-49f639f0cbf6', 1370, TRUE, FALSE, 'Phasellus sit amet erat.', '257d33b2-bec7-4fcf-a03b-8e6c4f2cbf16', '5b4001a2-3ff5-41de-a7a7-102b3a11d924', CURRENT_TIMESTAMP, CURRENT_TIMESTAMP),
    ('22b3270d-3f0a-4d58-a7e5-a3c82df39730', 29837, FALSE, TRUE, 'Fusce lacus purus, aliquet at, feugiat non, pretium quis, lectus. Suspendisse potenti.', '701804c2-c4f0-435e-83b5-55376761b3db', 'ee8556fc-5fba-49e6-a733-5993e3b35c6f', CURRENT_TIMESTAMP, CURRENT_TIMESTAMP),
    ('52dd9a5f-1687-4b0c-8f07-fb9c5accfd67', 65436, FALSE, TRUE, 'Suspendisse potenti.', 'aecc2edf-4e8d-438e-af74-7aaf1c3f1ddb', '8b1ec411-864b-408e-8eeb-6ae7597b7552', CURRENT_TIMESTAMP, CURRENT_TIMESTAMP),
    ('a4b65036-95eb-45fc-9220-7b202d1e1a50', 83703, TRUE, FALSE, 'In blandit ultrices enim. Lorem ipsum dolor sit amet, consectetuer adipiscing elit.', '6bb593e3-675f-4484-be62-e3dc0d5d8824', 'ee8556fc-5fba-49e6-a733-5993e3b35c6f', CURRENT_TIMESTAMP, CURRENT_TIMESTAMP),
    ('770c2d68-4480-4131-931c-3cb56002937b', 22401, TRUE, FALSE, 'Sed vel enim sit amet nunc viverra dapibus. Nulla suscipit ligula in lacus.', '701804c2-c4f0-435e-83b5-55376761b3db', '0a31922e-a82d-4f7d-bd4b-f7b3f92cb952', CURRENT_TIMESTAMP, CURRENT_TIMESTAMP),
    ('d28b1b4c-c8ee-4176-80f6-853f865421d5', 2016, TRUE, FALSE, 'Aliquam quis turpis eget elit sodales scelerisque. Mauris sit amet eros.', 'de6514eb-4ede-4f8d-a485-ca102bb3f85d', '1ec14946-46a0-4080-b389-e6d965395623', CURRENT_TIMESTAMP, CURRENT_TIMESTAMP),
    ('0c101f38-746b-4c7c-943c-d39a8fb5d33d', 48794, FALSE, TRUE, 'Vestibulum ac est lacinia nisi venenatis tristique.', '76fe02f5-29d1-4c0a-b7e5-9143f7ff87a8', 'd5040552-0556-4987-9829-cdf120e4cea6', CURRENT_TIMESTAMP, CURRENT_TIMESTAMP),
    ('b899ef38-43fd-46e0-a92b-8ced6bf4d552', 45748, TRUE, FALSE, 'In congue. Etiam justo.', '6c563681-05d4-4919-b389-c1abdd6b2db2', 'ec600a86-18cf-469e-a6c6-8575ac9c959e', CURRENT_TIMESTAMP, CURRENT_TIMESTAMP),
    ('28b029cd-859f-483c-80ca-5f3412001b7c', 74709, TRUE, FALSE, 'Donec semper sapien a libero.', 'aef0b300-29c6-4753-b396-b270fc59f969', '01c5f39a-059e-4c65-b190-c2f368f9f600', CURRENT_TIMESTAMP, CURRENT_TIMESTAMP),
    ('322919c0-6bc8-4033-9f20-93082175bccb', 9539, FALSE, TRUE, 'Nullam molestie nibh in lectus. Pellentesque at nulla.', '415ded00-a677-4d46-a531-e957d3775cec', '8c6606ca-e610-4ba2-a205-2b443d358bce', CURRENT_TIMESTAMP, CURRENT_TIMESTAMP),
    ('9929dddd-36cb-4d9b-baea-c8aa2fad5ef8', 15606, TRUE, FALSE, 'Suspendisse potenti. Nullam porttitor lacus at turpis.', 'ba3f7201-d229-4984-ad41-79e9de4b4f1b', '0a31922e-a82d-4f7d-bd4b-f7b3f92cb952', CURRENT_TIMESTAMP, CURRENT_TIMESTAMP),
    ('aa63cb80-4c8b-40e7-8a92-a8087d991c3f', 82436, TRUE, FALSE, 'Nullam orci pede, venenatis non, sodales sed, tincidunt eu, felis. Fusce posuere felis sed lacus.', '6c563681-05d4-4919-b389-c1abdd6b2db2', '03381883-8497-488c-a51e-ff86c1da12c7', CURRENT_TIMESTAMP, CURRENT_TIMESTAMP),
    ('1810412f-fa4b-4e0d-81fc-e2ef45da7c5a', 38090, TRUE, FALSE, 'Duis at velit eu est congue elementum. In hac habitasse platea dictumst.', '9a96f28c-d2c7-489b-9148-4d760eba941a', 'ade8543b-9f31-4aab-9ce6-d6f67a6c7000', CURRENT_TIMESTAMP, CURRENT_TIMESTAMP),
    ('54a3eb06-43bf-49cc-9444-395832691a00', 59725, FALSE, TRUE, 'Aenean lectus.', '0a2aefb8-555c-40c3-852a-5073448537d1', 'c13be939-bde8-4637-aed8-958714fd70e7', CURRENT_TIMESTAMP, CURRENT_TIMESTAMP),
    ('d861c80f-7b30-48df-be24-1cf62b8926e1', 76010, FALSE, TRUE, 'Phasellus in felis. Donec semper sapien a libero.', '6bb593e3-675f-4484-be62-e3dc0d5d8824', '14bd2f6d-bb59-4d79-920a-20312f219b30', CURRENT_TIMESTAMP, CURRENT_TIMESTAMP),
    ('369bb722-f381-46ba-afc9-bee9a3153e41', 24439, TRUE, FALSE, 'Mauris lacinia sapien quis libero.', 'ee0745ee-d908-40f4-be33-ee8d69b38bfd', '8c6606ca-e610-4ba2-a205-2b443d358bce', CURRENT_TIMESTAMP, CURRENT_TIMESTAMP),
    ('fa17715a-346c-4734-a8bd-78a15b5ee2b8', 37705, TRUE, FALSE, 'Ut tellus. Nulla ut erat id mauris vulputate elementum.', '2a784754-0452-454b-8bcf-a0c24bc9d948', '03381883-8497-488c-a51e-ff86c1da12c7', CURRENT_TIMESTAMP, CURRENT_TIMESTAMP),
    ('80abc7e4-cc0d-467e-ace6-1e8230d522e2', 74633, TRUE, FALSE, 'Suspendisse accumsan tortor quis turpis. Sed ante.', '0a277d0e-2d8b-41e5-9487-ae291187b43a', '0a31922e-a82d-4f7d-bd4b-f7b3f92cb952', CURRENT_TIMESTAMP, CURRENT_TIMESTAMP),
    ('24e9fd57-1e5e-4e8b-9cb9-702d1d037ab8', 16965, FALSE, TRUE, 'Vestibulum rutrum rutrum neque. Aenean auctor gravida sem.', '47445990-de01-4ce7-bdd8-67eff7622533', '0a31922e-a82d-4f7d-bd4b-f7b3f92cb952', CURRENT_TIMESTAMP, CURRENT_TIMESTAMP),
    ('b16a5c3f-c5b6-47fd-b8b0-b1d6cabb6f19', 57208, TRUE, FALSE, 'Nunc purus. Phasellus in felis.', 'a82e5fe2-71df-4c6f-bc69-1f82abe03f46', '14bd2f6d-bb59-4d79-920a-20312f219b30', CURRENT_TIMESTAMP, CURRENT_TIMESTAMP),
    ('91d1e93c-0405-46bc-956a-294f9079da6e', 12512, TRUE, FALSE, 'Morbi sem mauris, laoreet ut, rhoncus aliquet, pulvinar sed, nisl. Nunc rhoncus dui vel sem.', '5dcc6939-eecc-4629-8968-263aacdaff65', '8b1ec411-864b-408e-8eeb-6ae7597b7552', CURRENT_TIMESTAMP, CURRENT_TIMESTAMP),
    ('978c9b43-7ba0-4389-83b1-e91c50b7788a', 18546, FALSE, TRUE, 'Morbi quis tortor id nulla ultrices aliquet. Maecenas leo odio, condimentum id, luctus nec, molestie sed, justo.', 'e5e446ee-0c71-4ef9-8740-2bf4d733c8c3', 'ec600a86-18cf-469e-a6c6-8575ac9c959e', CURRENT_TIMESTAMP, CURRENT_TIMESTAMP),
    ('61dc4fa2-1ce2-4483-9dc5-b618db6acfdc', 19809, TRUE, FALSE, 'Maecenas ut massa quis augue luctus tincidunt.', '9b9c9bfe-bb78-43da-affb-38e8bef469fc', 'b8bed54d-3d1e-4c58-b545-0c5131bc092e', CURRENT_TIMESTAMP, CURRENT_TIMESTAMP),
    ('2c7d2199-3c7b-4f0f-a52b-e7aab72c7de6', 74323, TRUE, FALSE, 'Pellentesque at nulla. Suspendisse potenti.', '383e637a-6bfa-44b1-9069-b5cdd4572f4a', 'eecde80e-936d-494b-a04b-59418e983da3', CURRENT_TIMESTAMP, CURRENT_TIMESTAMP),
    ('a992c00d-9e2b-46de-b79a-a00b337268d2', 98942, TRUE, FALSE, 'Donec semper sapien a libero. Nam dui.', '0a277d0e-2d8b-41e5-9487-ae291187b43a', '98c89f4e-f70f-4492-8dbe-9702a8a18bae', CURRENT_TIMESTAMP, CURRENT_TIMESTAMP),
    ('25dd4230-f402-4261-8632-35bbe5e6f22f', 79560, FALSE, TRUE, 'Vivamus vestibulum sagittis sapien. Cum sociis natoque penatibus et magnis dis parturient montes, nascetur ridiculus mus.', 'c6c0abdb-cc57-488e-9a5b-4ae80838f5c4', 'ec600a86-18cf-469e-a6c6-8575ac9c959e', CURRENT_TIMESTAMP, CURRENT_TIMESTAMP),
    ('0d2384ea-047a-4732-9712-7d239ec4afe0', 30317, FALSE, TRUE, 'In hac habitasse platea dictumst.', 'e23be671-b9e1-4b76-99ce-1a39963e4941', '5a9dcacc-9b14-434a-b852-28298a7a0589', CURRENT_TIMESTAMP, CURRENT_TIMESTAMP),
    ('b57fb699-02ac-4e21-be7f-bcb82af7799a', 26343, FALSE, TRUE, 'Fusce posuere felis sed lacus.', '99ab74a4-078c-462f-bebe-ea063d7ef6ba', '14bd2f6d-bb59-4d79-920a-20312f219b30', CURRENT_TIMESTAMP, CURRENT_TIMESTAMP),
    ('49b43754-0565-44d7-a4bb-67ca68ac1dc6', 13723, FALSE, TRUE, 'Integer ac leo.', 'fb586de1-15f4-4348-b7f6-2f629b6b0199', '8c6606ca-e610-4ba2-a205-2b443d358bce', CURRENT_TIMESTAMP, CURRENT_TIMESTAMP),
    ('1d18c126-0a4e-4ef2-a454-e39982c0216f', 52274, TRUE, FALSE, 'Integer non velit. Donec diam neque, vestibulum eget, vulputate ut, ultrices vel, augue.', '761d1a4c-0fd2-48d2-b4c3-2b04d6a9cc97', '03381883-8497-488c-a51e-ff86c1da12c7', CURRENT_TIMESTAMP, CURRENT_TIMESTAMP),
    ('83cf1ff4-a5ca-4d30-90c1-068b9053ec24', 41060, FALSE, TRUE, 'Mauris enim leo, rhoncus sed, vestibulum sit amet, cursus id, turpis. Integer aliquet, massa id lobortis convallis, tortor risus dapibus augue, vel accumsan tellus nisi eu orci.', 'd27e5d53-05b7-4a01-9170-1664669cb544', 'ee8556fc-5fba-49e6-a733-5993e3b35c6f', CURRENT_TIMESTAMP, CURRENT_TIMESTAMP),
    ('cbc787e8-963c-46ca-bb25-041aca19ae9e', 44469, FALSE, TRUE, 'Integer pede justo, lacinia eget, tincidunt eget, tempus vel, pede. Morbi porttitor lorem id ligula.', 'ba3f7201-d229-4984-ad41-79e9de4b4f1b', '8b1ec411-864b-408e-8eeb-6ae7597b7552', CURRENT_TIMESTAMP, CURRENT_TIMESTAMP),
    ('8b9e52cd-2416-45df-afaa-1dd4c1323f4b', 55080, TRUE, FALSE, 'Etiam justo. Etiam pretium iaculis justo.', 'da541c98-c62c-48fe-92e4-a5bf85868faf', 'd5040552-0556-4987-9829-cdf120e4cea6', CURRENT_TIMESTAMP, CURRENT_TIMESTAMP),
    ('e43d84b9-df3e-473c-918a-7617a6c9f67c', 38320, TRUE, FALSE, 'Morbi non quam nec dui luctus rutrum.', '6123ae9a-1a60-485a-b6df-168d24c3fd55', '0a31922e-a82d-4f7d-bd4b-f7b3f92cb952', CURRENT_TIMESTAMP, CURRENT_TIMESTAMP),
    ('f741db92-18f7-433c-8435-208f4bfc6fb4', 60241, FALSE, TRUE, 'Suspendisse potenti. In eleifend quam a odio.', '98ede3e2-6771-4c9f-99fc-f0874b4b9a85', '5b4001a2-3ff5-41de-a7a7-102b3a11d924', CURRENT_TIMESTAMP, CURRENT_TIMESTAMP),
    ('7844959c-beee-4d0d-86d9-2902fe3b0c11', 46457, TRUE, FALSE, 'Nullam orci pede, venenatis non, sodales sed, tincidunt eu, felis. Fusce posuere felis sed lacus.', '1f19e311-0365-4070-9e48-b7c861876295', 'd5040552-0556-4987-9829-cdf120e4cea6', CURRENT_TIMESTAMP, CURRENT_TIMESTAMP),
    ('0958174c-44df-440f-851a-f0354fc5e84e', 37113, TRUE, FALSE, 'Vivamus metus arcu, adipiscing molestie, hendrerit at, vulputate vitae, nisl. Aenean lectus.', '7964635f-389f-4f96-9141-439ff42f87d4', '1ec14946-46a0-4080-b389-e6d965395623', CURRENT_TIMESTAMP, CURRENT_TIMESTAMP),
    ('c99bddba-6d3f-4015-8e9a-47fd0ec33449', 62103, FALSE, TRUE, 'Duis consequat dui nec nisi volutpat eleifend.', '7df2ab4d-91ea-43b3-b257-823ac562164d', 'd5040552-0556-4987-9829-cdf120e4cea6', CURRENT_TIMESTAMP, CURRENT_TIMESTAMP),
    ('64ab5640-efd5-4e8a-91fd-3740a50b4abb', 82571, TRUE, FALSE, 'Proin eu mi.', 'a74a3bd0-cb89-4710-bb6b-638f03432c2a', 'fbd05b58-3b34-4b28-9962-c524a4ed7d13', CURRENT_TIMESTAMP, CURRENT_TIMESTAMP),
    ('8e50b34a-bd47-40c4-bc3c-e740691cce6e', 92658, FALSE, TRUE, 'Vestibulum ante ipsum primis in faucibus orci luctus et ultrices posuere cubilia Curae; Mauris viverra diam vitae quam. Suspendisse potenti.', 'bf0f8a51-8489-4c07-a4e2-e27552906803', 'ade8543b-9f31-4aab-9ce6-d6f67a6c7000', CURRENT_TIMESTAMP, CURRENT_TIMESTAMP),
    ('59345b3c-2c40-4d94-8c73-b03073581530', 45813, TRUE, FALSE, 'Fusce consequat. Nulla nisl.', 'a82e5fe2-71df-4c6f-bc69-1f82abe03f46', 'd5040552-0556-4987-9829-cdf120e4cea6', CURRENT_TIMESTAMP, CURRENT_TIMESTAMP),
    ('5ef2d210-e523-4651-a46d-1b12cafb039e', 3948, TRUE, FALSE, 'Mauris lacinia sapien quis libero. Nullam sit amet turpis elementum ligula vehicula consequat.', 'da541c98-c62c-48fe-92e4-a5bf85868faf', 'f37bed82-e216-407b-a7ed-46563e488461', CURRENT_TIMESTAMP, CURRENT_TIMESTAMP),
    ('feae1885-5437-459d-83ce-af05edebdbf9', 11219, FALSE, TRUE, 'Nam congue, risus semper porta volutpat, quam pede lobortis ligula, sit amet eleifend pede libero quis orci.', '98ede3e2-6771-4c9f-99fc-f0874b4b9a85', '8e83fa5e-1180-4477-9f30-18ff52a5808d', CURRENT_TIMESTAMP, CURRENT_TIMESTAMP),
    ('69d35304-f229-488b-8964-392e8f692276', 57089, FALSE, TRUE, 'Pellentesque at nulla. Suspendisse potenti.', 'd7769df7-8069-478d-b575-48c8bd1f5536', '98c89f4e-f70f-4492-8dbe-9702a8a18bae', CURRENT_TIMESTAMP, CURRENT_TIMESTAMP),
    ('20e41ac9-ddac-44f7-b8ee-759b92d06604', 16493, TRUE, FALSE, 'Aenean sit amet justo. Morbi ut odio.', '487fb1fb-1b57-4363-8d52-dc83571d99ec', '5a9dcacc-9b14-434a-b852-28298a7a0589', CURRENT_TIMESTAMP, CURRENT_TIMESTAMP),
    ('d6d871bb-d992-40f5-b9c5-9a7cb5fd05c9', 55149, FALSE, TRUE, 'Aliquam sit amet diam in magna bibendum imperdiet. Nullam orci pede, venenatis non, sodales sed, tincidunt eu, felis.', 'e25933fd-a63c-41d1-bda3-89453b5c80bb', '8e83fa5e-1180-4477-9f30-18ff52a5808d', CURRENT_TIMESTAMP, CURRENT_TIMESTAMP),
    ('4ec87df3-906c-4c86-9c1c-1e3f4485d5ec', 13773, FALSE, TRUE, 'Quisque erat eros, viverra eget, congue eget, semper rutrum, nulla. Nunc purus.', 'c9de4694-a6bc-4bb8-9b80-d97e25b38613', '1ec14946-46a0-4080-b389-e6d965395623', CURRENT_TIMESTAMP, CURRENT_TIMESTAMP),
    ('dc518e1b-36bc-4caa-9ca5-7e0115e7fbdf', 66957, FALSE, TRUE, 'Nulla tempus.', '415ded00-a677-4d46-a531-e957d3775cec', '5a9dcacc-9b14-434a-b852-28298a7a0589', CURRENT_TIMESTAMP, CURRENT_TIMESTAMP),
    ('3273c80e-10f6-4dbf-ae47-c366c74aaab1', 52285, FALSE, TRUE, 'Donec ut mauris eget massa tempor convallis. Nulla neque libero, convallis eget, eleifend luctus, ultricies eu, nibh.', '4f2a2828-8d49-42be-86f7-e97df635bbef', '1ec14946-46a0-4080-b389-e6d965395623', CURRENT_TIMESTAMP, CURRENT_TIMESTAMP),
    ('e2f6ff08-9bc3-4c82-b708-3c3ae050f8be', 928, FALSE, TRUE, 'Vivamus vel nulla eget eros elementum pellentesque. Quisque porta volutpat erat.', '5d106ddb-de96-4697-ad2f-677669117473', 'eecde80e-936d-494b-a04b-59418e983da3', CURRENT_TIMESTAMP, CURRENT_TIMESTAMP),
    ('34c62ebd-3f79-41f3-b822-46dc6663086a', 37318, FALSE, TRUE, 'Nam ultrices, libero non mattis pulvinar, nulla pede ullamcorper augue, a suscipit nulla elit ac nulla. Sed vel enim sit amet nunc viverra dapibus.', '2e7ed74e-f1b0-48df-b477-e46261723649', 'c13be939-bde8-4637-aed8-958714fd70e7', CURRENT_TIMESTAMP, CURRENT_TIMESTAMP);
